tick,pop_size,n_incarcerated,n_current_smokers,n_AUD,n_alcohol_abstainers,n_exits,n_entries
1,5000,0,0,0,0,0,0
2,5000,0,557,288,391,0,0
3,5000,0,568,292,396,0,0
4,5000,0,560,296,409,0,0
5,5000,0,577,297,402,0,0
6,5000,0,582,299,405,0,0
7,5000,0,581,297,394,0,0
8,5000,0,582,297,396,0,0
9,5000,0,581,294,396,0,0
10,5000,0,584,294,392,0,0
11,5000,0,590,297,390,0,0
12,5000,0,590,300,391,0,0
13,5000,0,601,303,388,0,0
14,5000,0,609,302,391,0,0
15,5000,0,610,298,393,0,0
16,5000,0,597,296,397,0,0
17,5000,0,606,292,396,0,0
18,5000,0,610,291,398,0,0
19,5000,0,622,290,398,0,0
20,5000,0,622,293,401,0,0
21,5000,0,612,288,405,0,0
22,5000,0,609,288,401,0,0
23,5000,0,619,293,404,0,0
24,5000,0,625,298,404,0,0
25,5000,0,638,305,402,0,0
26,5000,0,643,305,401,0,0
27,5000,0,657,306,407,0,0
28,5000,0,666,303,412,0,0
29,5000,0,681,306,406,0,0
30,5000,0,687,308,409,0,0
31,5000,0,677,306,411,0,0
32,5000,0,678,296,409,0,0
33,5000,0,672,297,404,0,0
34,5000,0,666,295,404,0,0
35,5000,0,669,297,405,0,0
36,5000,0,665,298,408,0,0
37,5000,0,674,299,408,0,0
38,5000,0,675,298,411,0,0
39,5000,0,679,300,421,0,0
40,5000,0,678,302,421,0,0
41,5000,0,668,300,420,0,0
42,5000,0,675,304,418,0,0
43,5000,0,671,304,419,0,0
44,5000,0,675,295,425,0,0
45,5000,0,667,294,424,0,0
46,5000,0,660,295,420,0,0
47,5000,0,655,296,414,0,0
48,5000,0,642,293,416,0,0
49,5000,0,637,294,423,0,0
50,5000,0,628,296,421,0,0
51,5000,0,637,291,424,0,0
52,5000,0,631,297,422,0,0
53,5000,0,634,299,428,0,0
54,5000,0,642,303,429,0,0
55,5000,0,652,301,425,0,0
56,5000,0,650,301,421,0,0
57,5000,0,655,306,421,0,0
58,5000,0,665,308,424,0,0
59,5000,0,673,307,420,0,0
60,5000,0,678,308,419,0,0
61,5000,0,680,308,416,0,0
62,5000,0,684,306,419,0,0
63,5000,0,680,309,416,0,0
64,5000,0,692,314,417,0,0
65,5000,0,705,314,415,0,0
66,5000,0,700,318,413,0,0
67,5000,0,694,321,417,0,0
68,5000,0,694,321,418,0,0
69,5000,0,696,320,418,0,0
70,5000,0,688,320,420,0,0
71,5000,0,692,320,420,0,0
72,5000,0,696,322,420,0,0
73,5000,0,702,324,417,0,0
74,5000,0,713,323,418,0,0
75,5000,0,700,326,415,0,0
76,5000,0,679,323,414,0,0
77,5000,0,680,325,417,0,0
78,5000,0,678,322,415,0,0
79,5000,0,680,324,415,0,0
80,5000,0,680,325,416,0,0
81,5000,0,684,325,418,0,0
82,5000,0,679,326,416,0,0
83,5000,1,682,329,420,0,0
84,5000,1,681,332,417,0,0
85,5000,1,677,333,413,0,0
86,5000,1,675,328,412,0,0
87,5000,1,680,331,407,0,0
88,5000,1,681,326,406,0,0
89,5000,1,688,328,403,0,0
90,5000,1,689,321,404,0,0
91,5000,1,684,318,404,0,0
92,5000,1,691,315,404,0,0
93,5000,1,693,314,409,0,0
94,5000,1,707,318,409,0,0
95,5000,2,708,316,413,0,0
96,5000,2,703,318,415,0,0
97,5000,2,693,316,410,0,0
98,5000,2,701,316,415,0,0
99,5000,3,696,317,415,0,0
100,5000,3,699,313,418,0,0
101,5000,3,697,312,416,0,0
102,5000,3,701,315,420,0,0
103,5000,3,700,313,418,0,0
104,5000,3,692,312,422,0,0
105,5000,2,695,313,414,0,0
106,5000,2,707,310,416,0,0
107,5000,1,718,305,410,0,0
108,5000,1,709,308,411,0,0
109,5000,1,718,310,410,0,0
110,5000,1,701,310,410,0,0
111,5000,1,704,305,407,0,0
112,5000,1,714,304,408,0,0
113,5000,1,703,308,409,0,0
114,5000,1,705,311,414,0,0
115,5000,1,701,311,413,0,0
116,5000,1,710,319,418,0,0
117,5000,1,724,321,418,0,0
118,5000,1,723,323,414,0,0
119,5000,1,723,322,411,0,0
120,5000,1,718,323,412,0,0
121,5000,1,705,321,413,0,0
122,5000,1,707,324,414,0,0
123,5000,1,701,324,417,0,0
124,5000,1,689,325,416,0,0
125,5000,1,688,322,412,0,0
126,5000,1,702,319,408,0,0
127,5000,1,705,320,407,0,0
128,5000,1,706,323,404,0,0
129,5000,1,711,319,405,0,0
130,5000,1,720,320,398,0,0
131,5000,1,719,316,399,0,0
132,5000,1,719,319,402,0,0
133,5000,1,724,317,400,0,0
134,5000,1,727,311,400,0,0
135,5000,1,727,317,396,0,0
136,5000,1,718,316,393,0,0
137,5000,1,715,315,399,0,0
138,5000,1,710,316,398,0,0
139,5000,1,712,315,400,0,0
140,5000,1,723,315,401,0,0
141,5000,1,736,314,403,0,0
142,5000,1,722,314,397,0,0
143,5000,1,723,313,402,0,0
144,5000,1,705,315,399,0,0
145,5000,1,700,314,401,0,0
146,5000,1,712,318,403,0,0
147,5000,1,720,321,403,0,0
148,5000,1,727,322,408,0,0
149,5000,1,729,322,402,0,0
150,5000,1,727,327,400,0,0
151,5000,1,721,325,403,0,0
152,5000,1,727,323,403,0,0
153,5000,1,716,325,404,0,0
154,5000,1,713,323,406,0,0
155,5000,1,709,324,406,0,0
156,5000,1,690,328,403,0,0
157,5000,1,693,324,404,0,0
158,5000,1,697,328,399,0,0
159,5000,1,698,328,399,0,0
160,5000,1,704,327,403,0,0
161,5000,1,701,331,403,0,0
162,5000,1,709,331,407,0,0
163,5000,1,702,337,403,0,0
164,5000,1,714,340,397,0,0
165,5000,1,719,338,399,0,0
166,5000,1,710,331,399,0,0
167,5000,1,727,330,403,0,0
168,5000,1,729,331,397,0,0
169,5000,1,717,334,398,0,0
170,5000,1,712,333,403,0,0
171,5000,1,711,332,410,0,0
172,5000,1,715,328,410,0,0
173,5000,1,707,333,406,0,0
174,5000,1,710,331,415,0,0
175,5000,1,701,333,422,0,0
176,5000,1,692,330,419,0,0
177,5000,0,690,330,424,0,0
178,5000,0,687,332,418,0,0
179,5000,0,698,331,415,0,0
180,5000,0,686,327,411,0,0
181,5000,0,690,325,408,0,0
182,5000,0,704,326,413,0,0
183,5000,0,702,321,409,0,0
184,5000,0,693,321,411,0,0
185,5000,0,703,324,411,0,0
186,5000,0,704,325,411,0,0
187,5000,0,701,325,411,0,0
188,5000,0,691,325,413,0,0
189,5000,0,712,325,416,0,0
190,5000,0,703,323,412,0,0
191,5000,0,708,327,410,0,0
192,5000,0,703,330,405,0,0
193,5000,0,709,326,402,0,0
194,5000,0,703,327,400,0,0
195,5000,0,701,325,396,0,0
196,5000,0,700,321,397,0,0
197,5000,0,703,318,402,0,0
198,5000,0,714,315,402,0,0
199,5000,0,718,310,400,0,0
200,5000,0,724,310,394,0,0
201,5000,0,738,307,394,0,0
202,5000,0,740,309,396,0,0
203,5000,0,741,307,401,0,0
204,5000,0,735,309,405,0,0
205,5000,0,736,307,402,0,0
206,5000,0,739,309,401,0,0
207,5000,0,742,313,401,0,0
208,5000,0,745,310,399,0,0
209,5000,0,736,311,401,0,0
210,5000,0,718,312,403,0,0
211,5000,0,719,314,404,0,0
212,5000,0,715,317,411,0,0
213,5000,0,715,318,418,0,0
214,5000,0,721,316,415,0,0
215,5000,0,721,313,418,0,0
216,5000,0,711,314,413,0,0
217,5000,0,699,315,413,0,0
218,5000,0,689,315,410,0,0
219,5000,1,674,309,413,0,0
220,5000,1,681,309,412,0,0
221,5000,1,687,305,414,0,0
222,5000,1,690,305,412,0,0
223,5000,1,679,295,411,0,0
224,5000,1,689,295,405,0,0
225,5000,1,682,294,404,0,0
226,5000,1,681,292,404,0,0
227,5000,1,683,291,407,0,0
228,5000,1,692,289,406,0,0
229,5000,1,676,285,409,0,0
230,5000,1,671,283,410,0,0
231,5000,1,671,282,412,0,0
232,5000,1,672,281,411,0,0
233,5000,2,671,279,405,0,0
234,5000,2,676,279,410,0,0
235,5000,2,668,280,417,0,0
236,5000,2,663,280,417,0,0
237,5000,2,671,281,420,0,0
238,5000,2,659,278,422,0,0
239,5000,2,649,281,417,0,0
240,5000,2,662,280,422,0,0
241,5000,2,659,286,424,0,0
242,5000,2,671,288,426,0,0
243,5000,2,677,287,429,0,0
244,5000,2,688,292,429,0,0
245,5000,2,686,295,424,0,0
246,5000,2,689,301,428,0,0
247,5000,2,706,298,429,0,0
248,5000,2,702,297,430,0,0
249,5000,2,692,302,430,0,0
250,5000,2,700,300,430,0,0
251,5000,2,698,300,435,0,0
252,5000,2,699,299,440,0,0
253,5000,1,696,294,436,0,0
254,5000,1,697,290,434,0,0
255,5000,1,695,289,434,0,0
256,5000,1,694,290,437,0,0
257,5000,1,684,289,437,0,0
258,5000,1,680,287,443,0,0
259,5000,1,680,285,446,0,0
260,5000,1,670,286,444,0,0
261,5000,1,680,288,439,0,0
262,5000,1,682,284,440,0,0
263,5000,1,678,279,445,0,0
264,5000,1,671,280,443,0,0
265,5000,1,687,283,442,0,0
266,5000,1,689,283,445,0,0
267,5000,1,692,282,451,0,0
268,5000,1,691,277,451,0,0
269,5000,1,694,274,453,0,0
270,5000,1,694,279,455,0,0
271,5000,1,697,280,448,0,0
272,5000,1,696,278,447,0,0
273,5000,1,690,276,447,0,0
274,5000,1,687,275,447,0,0
275,5000,1,687,276,448,0,0
276,5000,1,691,275,452,0,0
277,5000,1,684,274,445,0,0
278,5000,1,688,274,448,0,0
279,5000,1,694,274,455,0,0
280,5000,1,705,275,459,0,0
281,5000,1,708,273,466,0,0
282,5000,1,702,272,463,0,0
283,5000,1,701,275,460,0,0
284,5000,1,703,271,464,0,0
285,5000,1,706,272,456,0,0
286,5000,1,710,276,458,0,0
287,5000,1,713,275,469,0,0
288,5000,1,715,274,466,0,0
289,5000,1,714,277,471,0,0
290,5000,1,711,273,472,0,0
291,5000,1,710,275,464,0,0
292,5000,1,700,274,460,0,0
293,5000,1,698,274,463,0,0
294,5000,1,697,274,459,0,0
295,5000,1,705,277,461,0,0
296,5000,1,706,277,456,0,0
297,5000,1,719,277,460,0,0
298,5000,1,718,278,464,0,0
299,5000,1,707,279,465,0,0
300,5000,1,708,282,463,0,0
301,5000,1,707,283,459,0,0
302,5000,1,707,285,458,0,0
303,5000,1,705,285,461,0,0
304,5000,1,690,285,464,0,0
305,5000,1,687,288,461,0,0
306,5000,1,682,288,456,0,0
307,5000,1,685,290,459,0,0
308,5000,1,688,281,459,0,0
309,5000,1,677,279,458,0,0
310,5000,1,668,278,458,0,0
311,5000,1,664,277,453,0,0
312,5000,1,660,277,450,0,0
313,5000,1,659,280,445,0,0
314,5000,1,662,276,441,0,0
315,5000,1,662,277,445,0,0
316,5000,1,666,276,436,0,0
317,5000,1,670,273,441,0,0
318,5000,1,670,273,447,0,0
319,5000,1,675,279,447,0,0
320,5000,1,674,279,448,0,0
321,5000,1,668,277,447,0,0
322,5000,1,673,277,445,0,0
323,5000,1,686,276,446,0,0
324,5000,1,690,278,452,0,0
325,5000,1,688,279,451,0,0
326,5000,1,690,275,456,0,0
327,5000,1,688,269,460,0,0
328,5000,1,700,267,460,0,0
329,5000,0,697,268,461,0,0
330,5000,0,705,269,454,0,0
331,5000,0,710,265,452,0,0
332,5000,0,712,264,449,0,0
333,5000,0,692,269,448,0,0
334,5000,0,686,268,441,0,0
335,5000,0,689,270,438,0,0
336,5000,0,705,271,438,0,0
337,5000,0,700,268,437,0,0
338,5000,0,701,267,434,0,0
339,5000,0,688,263,435,0,0
340,5000,0,694,266,427,0,0
341,5000,0,694,266,431,0,0
342,5000,0,694,269,430,0,0
343,5000,0,688,269,431,0,0
344,5000,0,686,270,430,0,0
345,5000,0,693,268,427,0,0
346,5000,0,691,268,427,0,0
347,5000,0,677,272,423,0,0
348,5000,0,669,273,423,0,0
349,5000,0,670,273,425,0,0
350,5000,0,669,274,422,0,0
351,5000,0,669,273,423,0,0
352,5000,0,659,274,424,0,0
353,5000,0,660,272,422,0,0
354,5000,0,675,273,417,0,0
355,5000,0,687,270,415,0,0
356,5000,0,687,272,413,0,0
357,5000,0,680,271,410,0,0
358,5000,0,677,269,403,0,0
359,5000,0,689,269,403,0,0
360,5000,0,684,269,407,0,0
361,5000,0,688,270,403,0,0
362,5000,0,696,268,405,0,0
363,5000,0,697,269,405,0,0
364,5000,0,704,269,406,0,0
365,5000,0,698,272,405,0,0
366,5000,0,692,271,401,0,0
367,5000,0,691,268,401,0,0
368,5000,0,706,267,407,0,0
369,5000,0,699,264,403,0,0
370,5000,0,697,261,399,0,0
371,5000,0,692,259,403,0,0
372,5000,0,682,260,403,0,0
373,5000,0,685,259,399,0,0
374,5000,0,692,261,398,0,0
375,5000,0,689,262,395,0,0
376,5000,0,691,266,395,0,0
377,5000,0,685,270,399,0,0
378,5000,0,679,268,403,0,0
379,5000,0,681,264,404,0,0
380,5000,0,686,262,401,0,0
381,5000,0,688,264,406,0,0
382,5000,0,698,269,415,0,0
383,5000,0,691,269,415,0,0
384,5000,0,688,267,418,0,0
385,5000,0,680,268,421,0,0
386,5000,0,684,271,418,0,0
387,5000,0,678,272,415,0,0
388,5000,0,680,274,415,0,0
389,5000,1,680,273,416,0,0
390,5000,1,699,276,415,0,0
391,5000,1,707,273,418,0,0
392,5000,1,700,276,420,0,0
393,5000,1,711,272,416,0,0
394,5000,1,710,273,418,0,0
395,5000,1,707,273,424,0,0
396,5000,1,697,276,427,0,0
397,5000,1,700,272,427,0,0
398,5000,1,692,269,431,0,0
399,5000,1,696,272,433,0,0
400,5000,1,712,272,433,0,0
401,5000,1,708,271,437,0,0
402,5000,1,711,267,438,0,0
403,5000,1,707,264,442,0,0
404,5000,1,698,265,439,0,0
405,5000,0,698,267,436,0,0
406,5000,0,692,262,436,0,0
407,5000,0,690,263,432,0,0
408,5000,0,690,266,436,0,0
409,5000,0,686,268,437,0,0
410,5000,0,698,269,434,0,0
411,5000,0,700,268,430,0,0
412,5000,0,696,267,430,0,0
413,5000,0,691,269,425,0,0
414,5000,0,689,270,425,0,0
415,5000,0,694,272,424,0,0
416,5000,0,686,270,421,0,0
417,5000,0,692,267,416,0,0
418,5000,0,685,266,414,0,0
419,5000,0,688,269,407,0,0
420,5000,0,689,266,407,0,0
421,5000,0,699,267,395,0,0
422,5000,0,708,267,411,0,0
423,5000,0,700,263,411,0,0
424,5000,0,698,265,409,0,0
425,5000,0,704,269,411,0,0
426,5000,0,693,268,411,0,0
427,5000,0,709,268,405,0,0
428,5000,0,703,266,404,0,0
429,5000,0,711,264,403,0,0
430,5000,0,711,265,396,0,0
431,5000,0,721,268,390,0,0
432,5000,0,729,273,390,0,0
433,5000,0,718,271,390,0,0
434,5000,0,716,277,387,0,0
435,5000,1,718,279,392,0,0
436,5000,1,716,276,393,0,0
437,5000,1,717,274,392,0,0
438,5000,1,715,280,395,0,0
439,5000,1,722,277,395,0,0
440,5000,1,724,279,391,0,0
441,5000,1,705,275,392,0,0
442,5000,1,706,279,390,0,0
443,5000,1,704,280,390,0,0
444,5000,1,708,280,387,0,0
445,5000,1,717,285,382,0,0
446,5000,1,717,285,381,0,0
447,5000,1,710,283,385,0,0
448,5000,1,707,284,383,0,0
449,5000,1,695,290,383,0,0
450,5000,1,690,293,380,0,0
451,5000,1,692,293,384,0,0
452,5000,1,696,294,388,0,0
453,5000,1,706,290,382,0,0
454,5000,1,707,289,385,0,0
455,5000,1,702,292,385,0,0
456,5000,1,713,292,383,0,0
457,5000,1,718,300,387,0,0
458,5000,1,711,300,390,0,0
459,5000,1,714,301,388,0,0
460,5000,1,704,305,390,0,0
461,5000,1,698,306,391,0,0
462,5000,1,687,306,398,0,0
463,5000,1,694,307,399,0,0
464,5000,1,697,309,400,0,0
465,5000,1,688,306,398,0,0
466,5000,1,697,302,394,0,0
467,5000,1,697,302,395,0,0
468,5000,1,698,299,391,0,0
469,5000,1,697,304,388,0,0
470,5000,1,695,305,388,0,0
471,5000,1,697,301,392,0,0
472,5000,1,699,297,394,0,0
473,5000,1,693,297,392,0,0
474,5000,1,690,301,395,0,0
475,5000,1,687,304,394,0,0
476,5000,1,686,309,394,0,0
477,5000,1,695,310,394,0,0
478,5000,1,687,309,394,0,0
479,5000,1,684,308,398,0,0
480,5000,1,663,311,399,0,0
481,5000,1,662,309,396,0,0
482,5000,1,665,317,397,0,0
483,5000,1,666,318,394,0,0
484,5000,1,677,317,398,0,0
485,5000,0,667,319,394,0,0
486,5000,0,667,316,396,0,0
487,5000,0,671,317,396,0,0
488,5000,0,676,317,394,0,0
489,5000,0,684,317,395,0,0
490,5000,0,667,316,396,0,0
491,5000,0,671,318,401,0,0
492,5000,0,685,311,405,0,0
493,5000,0,689,313,404,0,0
494,5000,0,698,313,404,0,0
495,5000,0,700,311,398,0,0
496,5000,0,692,316,396,0,0
497,5000,0,686,317,396,0,0
498,5000,0,692,317,390,0,0
499,5000,1,679,313,383,0,0
500,5000,1,668,313,382,0,0
501,5000,1,672,308,374,0,0
502,5000,1,674,302,372,0,0
503,5000,1,674,302,375,0,0
504,5000,1,689,299,374,0,0
505,5000,1,694,299,377,0,0
506,5000,1,693,300,381,0,0
507,5000,1,692,298,382,0,0
508,5000,1,698,294,388,0,0
509,5000,1,691,295,388,0,0
510,5000,1,689,300,390,0,0
511,5000,1,680,300,388,0,0
512,5000,1,670,302,389,0,0
513,5000,1,666,305,392,0,0
514,5000,1,667,305,394,0,0
515,5000,1,676,304,397,0,0
516,5000,1,676,301,395,0,0
517,5000,1,670,303,388,0,0
518,5000,1,673,303,380,0,0
519,5000,1,662,300,378,0,0
520,5000,1,663,299,384,0,0
521,5000,1,657,299,386,0,0
522,5000,1,650,299,389,0,0
523,5000,1,666,296,389,0,0
524,5000,1,667,297,394,0,0
525,5000,1,667,297,401,0,0
526,5000,1,668,295,404,0,0
527,5000,1,661,293,402,0,0
528,5000,1,654,296,406,0,0
529,5000,1,652,289,405,0,0
530,5000,1,651,292,403,0,0
531,5000,1,672,291,405,0,0
532,5000,1,674,290,406,0,0
533,5000,1,688,287,403,0,0
534,5000,1,684,286,399,0,0
535,5000,1,677,292,402,0,0
536,5000,1,684,293,399,0,0
537,5000,1,687,294,396,0,0
538,5000,1,682,293,395,0,0
539,5000,1,686,291,396,0,0
540,5000,1,691,287,395,0,0
541,5000,1,688,286,396,0,0
542,5000,1,698,285,394,0,0
543,5000,1,696,287,401,0,0
544,5000,1,699,284,399,0,0
545,5000,1,699,283,396,0,0
546,5000,1,693,282,396,0,0
547,5000,1,708,276,399,0,0
548,5000,1,699,279,397,0,0
549,5000,1,707,283,395,0,0
550,5000,1,699,287,391,0,0
551,5000,1,696,282,393,0,0
552,5000,1,706,286,390,0,0
553,5000,1,701,284,390,0,0
554,5000,1,697,284,392,0,0
555,5000,1,704,284,390,0,0
556,5000,1,704,282,391,0,0
557,5000,1,685,282,384,0,0
558,5000,1,680,283,384,0,0
559,5000,1,694,280,388,0,0
560,5000,1,698,276,382,0,0
561,5000,1,693,277,385,0,0
562,5000,1,701,279,388,0,0
563,5000,1,702,280,383,0,0
564,5000,1,710,285,388,0,0
565,5000,1,710,286,386,0,0
566,5000,1,720,289,384,0,0
567,5000,1,722,290,387,0,0
568,5000,1,713,287,387,0,0
569,5000,1,715,286,384,0,0
570,5000,1,703,286,385,0,0
571,5000,1,706,290,383,0,0
572,5000,1,701,288,379,0,0
573,5000,1,689,286,381,0,0
574,5000,1,684,285,382,0,0
575,5000,1,686,284,381,0,0
576,5000,1,677,284,384,0,0
577,5000,1,690,287,391,0,0
578,5000,1,695,290,393,0,0
579,5000,1,698,286,389,0,0
580,5000,1,694,288,398,0,0
581,5000,1,695,286,401,0,0
582,5000,1,706,283,399,0,0
583,5000,1,693,288,404,0,0
584,5000,1,686,287,407,0,0
585,5000,1,693,286,405,0,0
586,5000,1,706,290,402,0,0
587,5000,1,704,292,403,0,0
588,5000,1,709,291,411,0,0
589,5000,1,697,292,410,0,0
590,5000,1,704,293,407,0,0
591,5000,1,727,294,409,0,0
592,5000,1,724,290,409,0,0
593,5000,1,723,288,403,0,0
594,5000,1,728,288,407,0,0
595,5000,1,734,289,411,0,0
596,5000,1,728,291,413,0,0
597,5000,1,733,288,415,0,0
598,5000,1,728,284,412,0,0
599,5000,1,720,285,410,0,0
600,5000,1,727,286,411,0,0
601,5000,1,718,282,411,0,0
602,5000,1,712,279,410,0,0
603,5000,1,718,278,414,0,0
604,5000,1,708,276,418,0,0
605,5000,1,703,276,419,0,0
606,5000,1,707,271,422,0,0
607,5000,1,708,271,420,0,0
608,5000,1,709,271,422,0,0
609,5000,1,724,273,414,0,0
610,5000,1,719,274,415,0,0
611,5000,1,704,276,414,0,0
612,5000,1,701,278,414,0,0
613,5000,1,710,274,419,0,0
614,5000,1,703,277,428,0,0
615,5000,1,694,279,428,0,0
616,5000,1,688,273,422,0,0
617,5000,1,690,268,421,0,0
618,5000,1,691,273,422,0,0
619,5000,1,684,276,424,0,0
620,5000,1,694,276,429,0,0
621,5000,1,685,276,435,0,0
622,5000,1,689,278,431,0,0
623,5000,2,684,278,426,0,0
624,5000,2,685,277,430,0,0
625,5000,2,676,277,427,0,0
626,5000,2,669,278,425,0,0
627,5000,2,679,283,423,0,0
628,5000,2,688,278,422,0,0
629,5000,2,686,277,426,0,0
630,5000,2,676,272,423,0,0
631,5000,2,679,272,426,0,0
632,5000,2,676,274,429,0,0
633,5000,2,669,276,427,0,0
634,5000,2,663,281,426,0,0
635,5000,2,662,281,430,0,0
636,5000,2,659,284,422,0,0
637,5000,2,652,281,424,0,0
638,5000,2,657,283,428,0,0
639,5000,2,649,281,430,0,0
640,5000,2,658,279,429,0,0
641,5000,2,663,277,424,0,0
642,5000,2,678,277,417,0,0
643,5000,2,690,277,419,0,0
644,5000,2,694,274,418,0,0
645,5000,2,698,272,421,0,0
646,5000,2,705,280,421,0,0
647,5000,2,707,281,422,0,0
648,5000,2,713,283,425,0,0
649,5000,2,722,285,426,0,0
650,5000,2,711,285,430,0,0
651,5000,1,698,282,425,0,0
652,5000,0,690,283,425,0,0
653,5000,0,703,281,432,0,0
654,5000,0,698,281,433,0,0
655,5000,0,703,282,433,0,0
656,5000,0,695,284,435,0,0
657,5000,0,689,282,432,0,0
658,5000,0,675,282,438,0,0
659,5000,0,678,283,435,0,0
660,5000,0,690,283,435,0,0
661,5000,0,688,282,437,0,0
662,5000,0,692,282,430,0,0
663,5000,0,693,280,431,0,0
664,5000,0,691,281,428,0,0
665,5000,0,692,284,424,0,0
666,5000,0,692,284,422,0,0
667,5000,0,702,283,421,0,0
668,5000,0,705,287,416,0,0
669,5000,1,690,285,413,0,0
670,5000,1,692,284,408,0,0
671,5000,2,700,276,407,0,0
672,5000,2,694,277,407,0,0
673,5000,2,696,273,408,0,0
674,5000,2,693,272,402,0,0
675,5000,2,680,271,400,0,0
676,5000,2,675,269,404,0,0
677,5000,2,679,267,398,0,0
678,5000,2,675,264,398,0,0
679,5000,2,679,269,397,0,0
680,5000,1,686,273,400,0,0
681,5000,1,687,275,403,0,0
682,5000,1,678,274,404,0,0
683,5000,1,675,275,407,0,0
684,5000,1,664,275,410,0,0
685,5000,0,674,275,409,0,0
686,5000,0,666,275,411,0,0
687,5000,0,683,274,411,0,0
688,5000,0,692,277,408,0,0
689,5000,0,704,282,408,0,0
690,5000,0,699,281,411,0,0
691,5000,0,703,282,408,0,0
692,5000,0,711,276,407,0,0
693,5000,0,708,277,405,0,0
694,5000,0,696,278,405,0,0
695,5000,0,691,279,409,0,0
696,5000,0,694,278,408,0,0
697,5000,0,700,280,408,0,0
698,5000,0,692,281,402,0,0
699,5000,0,696,282,405,0,0
700,5000,0,694,283,403,0,0
701,5000,0,705,282,406,0,0
702,5000,0,692,279,409,0,0
703,5000,0,692,280,416,0,0
704,5000,0,695,284,414,0,0
705,5000,0,699,284,417,0,0
706,5000,0,708,281,415,0,0
707,5000,0,717,278,417,0,0
708,5000,1,710,276,414,0,0
709,5000,2,704,276,415,0,0
710,5000,3,697,278,420,0,0
711,5000,3,702,282,418,0,0
712,5000,3,703,281,420,0,0
713,5000,3,694,279,419,0,0
714,5000,3,694,282,420,0,0
715,5000,3,686,282,418,0,0
716,5000,3,686,284,419,0,0
717,5000,3,689,286,412,0,0
718,5000,3,686,286,415,0,0
719,5000,3,679,288,414,0,0
720,5000,3,673,290,409,0,0
721,5000,3,678,292,412,0,0
722,5000,3,683,289,419,0,0
723,5000,3,685,290,418,0,0
724,5000,3,676,292,417,0,0
725,5000,3,676,297,415,0,0
726,5000,3,682,295,411,0,0
727,5000,3,680,296,411,0,0
728,5000,3,661,292,419,0,0
729,5000,3,666,293,418,0,0
730,5000,3,657,291,426,0,0
731,5000,3,644,293,426,0,0
732,5000,3,648,290,416,0,0
733,5000,3,647,291,414,0,0
734,5000,3,637,292,413,0,0
735,5000,3,626,288,415,0,0
736,5000,3,618,289,411,0,0
737,5000,3,623,292,408,0,0
738,5000,3,625,293,403,0,0
739,5000,3,620,296,405,0,0
740,5000,3,630,297,410,0,0
741,5000,3,625,295,406,0,0
742,5000,3,637,291,410,0,0
743,5000,3,641,291,409,0,0
744,5000,3,654,294,409,0,0
745,5000,3,647,299,409,0,0
746,5000,3,654,302,404,0,0
747,5000,3,651,303,411,0,0
748,5000,3,647,304,413,0,0
749,5000,3,643,306,407,0,0
750,5000,3,634,304,412,0,0
751,5000,3,635,308,406,0,0
752,5000,3,652,312,405,0,0
753,5000,3,662,314,407,0,0
754,5000,3,659,313,401,0,0
755,5000,3,658,312,402,0,0
756,5000,3,673,309,398,0,0
757,5000,3,682,310,393,0,0
758,5000,3,681,310,392,0,0
759,5000,3,676,309,394,0,0
760,5000,3,688,306,400,0,0
761,5000,3,680,303,404,0,0
762,5000,3,680,307,402,0,0
763,5000,3,687,303,400,0,0
764,5000,3,685,305,395,0,0
765,5000,3,684,307,400,0,0
766,5000,3,684,309,401,0,0
767,5000,3,690,312,406,0,0
768,5000,3,694,311,405,0,0
769,5000,3,702,312,404,0,0
770,5000,3,692,313,405,0,0
771,5000,3,703,310,403,0,0
772,5000,3,701,311,403,0,0
773,5000,2,695,307,405,0,0
774,5000,2,700,303,404,0,0
775,5000,2,699,302,406,0,0
776,5000,2,700,305,406,0,0
777,5000,2,715,301,409,0,0
778,5000,2,711,306,420,0,0
779,5000,2,714,304,419,0,0
780,5000,2,710,303,417,0,0
781,5000,2,717,307,419,0,0
782,5000,2,702,304,418,0,0
783,5000,2,719,305,418,0,0
784,5000,2,720,306,424,0,0
785,5000,2,709,302,430,0,0
786,5000,2,718,302,425,0,0
787,5000,2,733,304,428,0,0
788,5000,2,737,304,427,0,0
789,5000,2,739,308,424,0,0
790,5000,2,737,313,425,0,0
791,5000,2,749,312,418,0,0
792,5000,2,752,310,425,0,0
793,5000,2,750,307,422,0,0
794,5000,2,754,305,423,0,0
795,5000,2,758,304,425,0,0
796,5000,2,753,300,425,0,0
797,5000,2,753,299,423,0,0
798,5000,2,757,295,421,0,0
799,5000,2,738,296,420,0,0
800,5000,2,731,297,419,0,0
801,5000,2,731,296,412,0,0
802,5000,2,728,294,407,0,0
803,5000,2,723,286,405,0,0
804,5000,2,708,283,396,0,0
805,5000,2,706,284,396,0,0
806,5000,2,708,284,398,0,0
807,5000,2,703,279,395,0,0
808,5000,2,706,279,391,0,0
809,5000,2,699,282,393,0,0
810,5000,2,693,284,399,0,0
811,5000,3,693,284,399,0,0
812,5000,3,694,285,401,0,0
813,5000,3,699,286,409,0,0
814,5000,3,708,286,410,0,0
815,5000,3,701,286,408,0,0
816,5000,3,693,283,418,0,0
817,5000,3,690,285,422,0,0
818,5000,3,701,285,420,0,0
819,5000,3,707,284,423,0,0
820,5000,2,710,283,428,0,0
821,5000,3,708,284,429,0,0
822,5000,3,713,286,424,0,0
823,5000,3,704,282,422,0,0
824,5000,3,704,279,424,0,0
825,5000,3,709,276,432,0,0
826,5000,3,712,279,430,0,0
827,5000,3,702,279,433,0,0
828,5000,3,706,278,429,0,0
829,5000,3,723,277,428,0,0
830,5000,3,705,279,425,0,0
831,5000,3,708,284,428,0,0
832,5000,3,707,288,427,0,0
833,5000,3,699,286,432,0,0
834,5000,3,698,289,430,0,0
835,5000,3,695,289,428,0,0
836,5000,3,689,285,437,0,0
837,5000,3,678,285,441,0,0
838,5000,3,674,284,434,0,0
839,5000,3,667,277,438,0,0
840,5000,3,674,272,437,0,0
841,5000,3,682,271,436,0,0
842,5000,3,683,275,435,0,0
843,5000,3,697,274,428,0,0
844,5000,4,703,276,428,0,0
845,5000,4,698,276,434,0,0
846,5000,4,690,272,430,0,0
847,5000,4,683,271,429,0,0
848,5000,4,689,271,420,0,0
849,5000,4,687,271,419,0,0
850,5000,4,679,271,426,0,0
851,5000,4,674,270,430,0,0
852,5000,4,679,267,431,0,0
853,5000,4,680,267,429,0,0
854,5000,4,684,268,431,0,0
855,5000,4,686,268,423,0,0
856,5000,4,686,272,421,0,0
857,5000,4,689,274,427,0,0
858,5000,4,692,273,429,0,0
859,5000,4,695,269,434,0,0
860,5000,4,689,265,438,0,0
861,5000,4,684,264,436,0,0
862,5000,4,682,268,435,0,0
863,5000,4,690,268,437,0,0
864,5000,4,689,272,438,0,0
865,5000,4,687,271,440,0,0
866,5000,4,683,270,448,0,0
867,5000,4,692,270,448,0,0
868,5000,4,676,267,442,0,0
869,5000,4,674,268,440,0,0
870,5000,4,676,268,436,0,0
871,5000,4,683,269,432,0,0
872,5000,4,683,271,430,0,0
873,5000,4,680,270,432,0,0
874,5000,4,686,269,436,0,0
875,5000,4,687,268,443,0,0
876,5000,4,700,270,441,0,0
877,5000,4,710,267,437,0,0
878,5000,4,711,266,438,0,0
879,5000,5,707,267,441,0,0
880,5000,5,698,269,443,0,0
881,5000,5,701,272,443,0,0
882,5000,5,702,277,446,0,0
883,5000,5,697,278,441,0,0
884,5000,5,715,275,441,0,0
885,5000,5,715,275,443,0,0
886,5000,5,713,276,449,0,0
887,5000,5,717,278,448,0,0
888,5000,4,722,277,446,0,0
889,5000,4,719,278,439,0,0
890,5000,4,724,277,440,0,0
891,5000,4,720,275,438,0,0
892,5000,5,718,274,436,0,0
893,5000,5,717,275,436,0,0
894,5000,5,712,274,437,0,0
895,5000,5,701,275,439,0,0
896,5000,5,706,275,438,0,0
897,5000,6,706,279,436,0,0
898,5000,6,706,284,436,0,0
899,5000,6,703,281,430,0,0
900,5000,6,708,284,431,0,0
901,5000,6,712,282,427,0,0
902,5000,6,698,280,429,0,0
903,5000,6,697,280,426,0,0
904,5000,6,698,282,420,0,0
905,5000,6,704,284,424,0,0
906,5000,6,717,285,424,0,0
907,5000,6,721,282,426,0,0
908,5000,6,718,277,424,0,0
909,5000,6,716,278,420,0,0
910,5000,6,709,282,420,0,0
911,5000,6,699,282,415,0,0
912,5000,5,688,283,414,0,0
913,5000,5,694,280,411,0,0
914,5000,5,693,281,409,0,0
915,5000,5,678,282,411,0,0
916,5000,5,693,288,412,0,0
917,5000,5,702,287,408,0,0
918,5000,4,706,289,408,0,0
919,5000,4,712,284,409,0,0
920,5000,4,714,284,404,0,0
921,5000,4,714,284,405,0,0
922,5000,4,704,285,403,0,0
923,5000,4,713,282,404,0,0
924,5000,4,721,278,405,0,0
925,5000,4,720,274,405,0,0
926,5000,4,710,278,415,0,0
927,5000,5,708,282,416,0,0
928,5000,5,699,284,423,0,0
929,5000,5,693,282,426,0,0
930,5000,6,688,284,434,0,0
931,5000,6,689,282,438,0,0
932,5000,6,679,278,439,0,0
933,5000,6,683,278,440,0,0
934,5000,6,677,280,433,0,0
935,5000,6,668,284,435,0,0
936,5000,6,665,284,432,0,0
937,5000,6,673,283,425,0,0
938,5000,6,668,280,427,0,0
939,5000,6,672,275,423,0,0
940,5000,6,678,271,423,0,0
941,5000,6,674,269,414,0,0
942,5000,6,675,270,411,0,0
943,5000,6,687,272,411,0,0
944,5000,6,687,265,414,0,0
945,5000,6,675,268,408,0,0
946,5000,6,671,269,410,0,0
947,5000,6,663,268,411,0,0
948,5000,6,668,264,407,0,0
949,5000,6,662,270,412,0,0
950,5000,5,664,267,413,0,0
951,5000,5,659,264,410,0,0
952,5000,5,660,266,411,0,0
953,5000,5,658,268,414,0,0
954,5000,5,663,268,405,0,0
955,5000,5,667,275,406,0,0
956,5000,4,658,279,404,0,0
957,5000,4,654,280,406,0,0
958,5000,4,647,278,402,0,0
959,5000,4,644,279,402,0,0
960,5000,4,651,286,400,0,0
961,5000,4,647,285,406,0,0
962,5000,4,646,289,406,0,0
963,5000,4,649,285,403,0,0
964,5000,4,644,279,404,0,0
965,5000,4,633,278,403,0,0
966,5000,4,626,282,404,0,0
967,5000,4,628,282,401,0,0
968,5000,4,632,277,402,0,0
969,5000,4,654,278,406,0,0
970,5000,4,662,275,408,0,0
971,5000,4,657,268,410,0,0
972,5000,4,649,273,398,0,0
973,5000,4,653,268,407,0,0
974,5000,4,656,268,405,0,0
975,5000,4,653,275,409,0,0
976,5000,4,648,273,411,0,0
977,5000,4,641,268,406,0,0
978,5000,4,648,270,407,0,0
979,5000,4,644,271,403,0,0
980,5000,4,655,272,403,0,0
981,5000,4,665,270,405,0,0
982,5000,4,675,270,402,0,0
983,5000,4,669,272,405,0,0
984,5000,4,680,273,404,0,0
985,5000,4,693,271,406,0,0
986,5000,4,689,272,401,0,0
987,5000,4,679,270,402,0,0
988,5000,4,687,271,398,0,0
989,5000,4,673,267,399,0,0
990,5000,4,667,267,397,0,0
991,5000,4,665,264,398,0,0
992,5000,4,669,267,400,0,0
993,5000,4,661,269,398,0,0
994,5000,4,656,269,393,0,0
995,5000,4,657,269,395,0,0
996,5000,4,660,270,385,0,0
997,5000,4,659,272,380,0,0
998,5000,4,654,275,388,0,0
999,5000,5,653,273,390,0,0
1000,5000,5,652,270,389,0,0
1001,5000,6,658,266,387,0,0
1002,5000,6,659,266,389,0,0
1003,5000,6,667,267,395,0,0
1004,5000,6,642,265,400,0,0
1005,5000,6,656,266,405,0,0
1006,5000,6,655,265,399,0,0
1007,5000,6,664,268,403,0,0
1008,5000,6,664,264,399,0,0
1009,5000,6,686,266,401,0,0
1010,5000,6,673,267,399,0,0
1011,5000,7,673,269,395,0,0
1012,5000,7,673,269,390,0,0
1013,5000,7,672,270,385,0,0
1014,5000,7,694,272,385,0,0
1015,5000,7,692,273,386,0,0
1016,5000,7,678,274,389,0,0
1017,5000,6,681,273,380,0,0
1018,5000,6,672,273,384,0,0
1019,5000,6,678,269,383,0,0
1020,5000,6,688,267,382,0,0
1021,5000,6,688,267,386,0,0
1022,5000,6,694,265,385,0,0
1023,5000,6,669,268,386,0,0
1024,5000,6,672,269,382,0,0
1025,5000,6,677,273,387,0,0
1026,5000,6,683,278,384,0,0
1027,5000,6,692,282,390,0,0
1028,5000,6,695,288,379,0,0
1029,5000,6,698,287,382,0,0
1030,5000,6,703,286,381,0,0
1031,5000,6,711,289,383,0,0
1032,5000,6,712,287,383,0,0
1033,5000,6,709,291,386,0,0
1034,5000,6,703,290,387,0,0
1035,5000,5,693,290,388,0,0
1036,5000,5,699,285,389,0,0
1037,5000,5,701,286,394,0,0
1038,5000,5,703,283,393,0,0
1039,5000,5,704,285,393,0,0
1040,5000,5,717,286,392,0,0
1041,5000,4,729,287,395,0,0
1042,5000,4,726,286,396,0,0
1043,5000,4,720,285,394,0,0
1044,5000,4,712,285,390,0,0
1045,5000,4,716,285,390,0,0
1046,5000,4,721,292,388,0,0
1047,5000,4,717,289,392,0,0
1048,5000,4,713,290,394,0,0
1049,5000,5,710,288,394,0,0
1050,5000,5,701,288,398,0,0
1051,5000,5,702,288,398,0,0
1052,5000,5,690,288,401,0,0
1053,5000,5,697,289,399,0,0
1054,5000,5,700,294,389,0,0
1055,5000,4,708,296,391,0,0
1056,5000,5,704,293,391,0,0
1057,5000,6,707,295,390,0,0
1058,5000,6,710,297,394,0,0
1059,5000,6,712,296,389,0,0
1060,5000,6,711,299,384,0,0
1061,5000,6,710,300,388,0,0
1062,5000,6,709,302,384,0,0
1063,5000,6,714,303,386,0,0
1064,5000,6,714,299,388,0,0
1065,5000,6,720,296,389,0,0
1066,5000,6,725,294,387,0,0
1067,5000,6,726,299,390,0,0
1068,5000,6,744,299,390,0,0
1069,5000,6,738,300,392,0,0
1070,5000,6,734,301,390,0,0
1071,5000,6,735,305,388,0,0
1072,5000,6,725,305,387,0,0
1073,5000,6,726,302,388,0,0
1074,5000,6,731,303,390,0,0
1075,5000,6,721,302,388,0,0
1076,5000,6,728,302,387,0,0
1077,5000,6,722,302,387,0,0
1078,5000,6,718,300,386,0,0
1079,5000,6,718,304,388,0,0
1080,5000,6,717,301,392,0,0
1081,5000,6,713,298,396,0,0
1082,5000,6,710,292,395,0,0
1083,5000,6,709,289,392,0,0
1084,5000,6,699,286,391,0,0
1085,5000,6,695,283,392,0,0
1086,5000,6,688,286,397,0,0
1087,5000,6,691,289,397,0,0
1088,5000,6,685,287,391,0,0
1089,5000,6,676,285,393,0,0
1090,5000,6,683,286,393,0,0
1091,5000,6,669,284,397,0,0
1092,5000,6,674,289,394,0,0
1093,5000,6,688,291,403,0,0
1094,5000,6,691,289,403,0,0
1095,5000,6,708,288,402,0,0
1096,5000,6,697,292,400,0,0
1097,5000,6,699,292,403,0,0
1098,5000,6,703,290,408,0,0
1099,5000,6,703,288,411,0,0
1100,5000,6,692,288,419,0,0
1101,5000,6,684,285,421,0,0
1102,5000,6,687,284,425,0,0
1103,5000,6,671,284,423,0,0
1104,5000,6,667,283,423,0,0
1105,5000,6,683,283,415,0,0
1106,5000,6,685,280,411,0,0
1107,5000,6,701,279,411,0,0
1108,5000,6,679,279,407,0,0
1109,5000,6,675,279,401,0,0
1110,5000,7,665,275,398,0,0
1111,5000,7,661,274,405,0,0
1112,5000,7,679,272,397,0,0
1113,5000,7,678,275,398,0,0
1114,5000,7,698,278,402,0,0
1115,5000,7,698,276,404,0,0
1116,5000,7,707,275,398,0,0
1117,5000,7,711,276,401,0,0
1118,5000,7,715,273,397,0,0
1119,5000,7,717,276,396,0,0
1120,5000,8,716,279,411,0,0
1121,5000,8,709,279,408,0,0
1122,5000,9,726,277,413,0,0
1123,5000,10,740,278,408,0,0
1124,5000,10,741,277,408,0,0
1125,5000,10,734,280,404,0,0
1126,5000,10,713,274,401,0,0
1127,5000,10,715,275,402,0,0
1128,5000,10,715,276,398,0,0
1129,5000,10,715,276,396,0,0
1130,5000,10,714,273,393,0,0
1131,5000,10,722,275,395,0,0
1132,5000,10,719,272,391,0,0
1133,5000,10,729,273,392,0,0
1134,5000,10,736,271,396,0,0
1135,5000,10,737,275,400,0,0
1136,5000,10,740,275,403,0,0
1137,5000,10,725,275,409,0,0
1138,5000,10,708,278,410,0,0
1139,5000,10,707,274,412,0,0
1140,5000,10,701,272,415,0,0
1141,5000,11,701,267,416,0,0
1142,5000,11,701,268,413,0,0
1143,5000,11,704,276,413,0,0
1144,5000,11,718,281,413,0,0
1145,5000,11,728,283,406,0,0
1146,5000,11,720,279,398,0,0
1147,5000,11,706,281,392,0,0
1148,5000,11,717,282,396,0,0
1149,5000,11,708,282,396,0,0
1150,5000,11,714,280,397,0,0
1151,5000,11,721,281,399,0,0
1152,5000,10,719,281,403,0,0
1153,5000,10,707,280,409,0,0
1154,5000,10,723,280,409,0,0
1155,5000,10,743,279,407,0,0
1156,5000,10,742,279,412,0,0
1157,5000,10,729,279,410,0,0
1158,5000,10,738,278,406,0,0
1159,5000,10,735,275,403,0,0
1160,5000,10,751,274,411,0,0
1161,5000,10,751,275,413,0,0
1162,5000,10,748,278,409,0,0
1163,5000,10,755,275,415,0,0
1164,5000,10,752,275,418,0,0
1165,5000,10,750,275,417,0,0
1166,5000,10,741,268,419,0,0
1167,5000,9,744,270,415,0,0
1168,5000,9,736,273,413,0,0
1169,5000,8,724,272,416,0,0
1170,5000,8,711,271,412,0,0
1171,5000,8,723,270,411,0,0
1172,5000,8,717,265,408,0,0
1173,5000,8,732,266,401,0,0
1174,5000,8,740,269,404,0,0
1175,5000,8,748,272,402,0,0
1176,5000,8,747,274,404,0,0
1177,5000,8,753,279,403,0,0
1178,5000,8,744,278,404,0,0
1179,5000,8,737,278,403,0,0
1180,5000,8,733,277,404,0,0
1181,5000,8,740,275,409,0,0
1182,5000,8,725,277,410,0,0
1183,5000,8,736,276,412,0,0
1184,5000,8,729,273,416,0,0
1185,5000,8,727,271,416,0,0
1186,5000,8,736,269,420,0,0
1187,5000,8,747,269,419,0,0
1188,5000,8,745,271,420,0,0
1189,5000,8,740,273,427,0,0
1190,5000,8,718,275,422,0,0
1191,5000,8,706,275,427,0,0
1192,5000,8,711,276,425,0,0
1193,5000,8,704,278,425,0,0
1194,5000,8,707,279,422,0,0
1195,5000,8,698,282,421,0,0
1196,5000,8,685,280,420,0,0
1197,5000,8,691,280,422,0,0
1198,5000,7,679,276,422,0,0
1199,5000,7,677,274,418,0,0
1200,5000,7,676,272,422,0,0
1201,5000,7,693,275,419,0,0
1202,5000,7,697,274,425,0,0
1203,5000,7,697,278,430,0,0
1204,5000,7,695,276,435,0,0
1205,5000,7,709,280,437,0,0
1206,5000,7,711,284,431,0,0
1207,5000,7,707,284,430,0,0
1208,5000,7,701,282,423,0,0
1209,5000,7,698,281,422,0,0
1210,5000,7,706,281,421,0,0
1211,5000,7,704,283,420,0,0
1212,5000,7,711,282,416,0,0
1213,5000,7,718,281,415,0,0
1214,5000,7,727,282,417,0,0
1215,5000,7,741,278,418,0,0
1216,5000,7,741,275,421,0,0
1217,5000,7,740,274,423,0,0
1218,5000,7,737,275,422,0,0
1219,5000,7,730,275,423,0,0
1220,5000,7,712,271,426,0,0
1221,5000,7,698,271,421,0,0
1222,5000,7,687,276,422,0,0
1223,5000,6,688,280,416,0,0
1224,5000,6,692,280,412,0,0
1225,5000,5,691,274,410,0,0
1226,5000,5,702,274,412,0,0
1227,5000,5,716,268,414,0,0
1228,5000,5,718,268,417,0,0
1229,5000,5,724,269,414,0,0
1230,5000,5,721,273,411,0,0
1231,5000,5,727,274,408,0,0
1232,5000,5,735,275,404,0,0
1233,5000,5,715,277,401,0,0
1234,5000,5,724,283,400,0,0
1235,5000,5,731,285,399,0,0
1236,5000,5,724,283,401,0,0
1237,5000,5,718,285,399,0,0
1238,5000,5,720,286,398,0,0
1239,5000,5,722,283,397,0,0
1240,5000,5,711,280,397,0,0
1241,5000,5,703,280,397,0,0
1242,5000,5,715,282,395,0,0
1243,5000,5,711,279,398,0,0
1244,5000,5,717,277,404,0,0
1245,5000,5,712,275,408,0,0
1246,5000,5,704,275,401,0,0
1247,5000,5,695,271,393,0,0
1248,5000,6,707,271,392,0,0
1249,5000,6,715,271,388,0,0
1250,5000,6,721,268,391,0,0
1251,5000,6,723,268,393,0,0
1252,5000,6,726,265,396,0,0
1253,5000,6,725,262,397,0,0
1254,5000,6,722,263,396,0,0
1255,5000,6,719,267,395,0,0
1256,5000,6,702,265,393,0,0
1257,5000,6,697,267,386,0,0
1258,5000,6,717,265,377,0,0
1259,5000,6,716,262,382,0,0
1260,5000,6,704,260,383,0,0
1261,5000,6,708,260,388,0,0
1262,5000,6,705,258,391,0,0
1263,5000,5,704,259,388,0,0
1264,5000,5,715,261,391,0,0
1265,5000,4,732,262,389,0,0
1266,5000,4,733,263,379,0,0
1267,5000,4,722,258,384,0,0
1268,5000,4,724,259,383,0,0
1269,5000,4,709,257,386,0,0
1270,5000,4,706,256,386,0,0
1271,5000,4,713,254,386,0,0
1272,5000,4,717,254,384,0,0
1273,5000,4,719,256,380,0,0
1274,5000,4,717,256,377,0,0
1275,5000,4,722,257,377,0,0
1276,5000,4,729,252,374,0,0
1277,5000,4,732,253,380,0,0
1278,5000,4,720,249,379,0,0
1279,5000,4,714,251,378,0,0
1280,5000,4,708,250,382,0,0
1281,5000,4,698,254,383,0,0
1282,5000,4,696,251,386,0,0
1283,5000,4,679,251,388,0,0
1284,5000,4,667,249,392,0,0
1285,5000,5,671,250,391,0,0
1286,5000,5,679,253,394,0,0
1287,5000,5,686,256,394,0,0
1288,5000,5,700,255,394,0,0
1289,5000,5,706,255,395,0,0
1290,5000,5,690,259,394,0,0
1291,5000,5,674,264,394,0,0
1292,5000,5,687,265,396,0,0
1293,5000,5,673,267,391,0,0
1294,5000,5,678,264,389,0,0
1295,5000,5,693,272,395,0,0
1296,5000,5,699,271,401,0,0
1297,5000,5,698,267,398,0,0
1298,5000,5,705,264,401,0,0
1299,5000,5,699,265,402,0,0
1300,5000,5,703,264,400,0,0
1301,5000,5,704,262,401,0,0
1302,5000,5,693,261,398,0,0
1303,5000,5,705,263,397,0,0
1304,5000,5,690,263,395,0,0
1305,5000,5,692,261,399,0,0
1306,5000,6,689,264,398,0,0
1307,5000,6,701,265,393,0,0
1308,5000,6,708,262,383,0,0
1309,5000,6,705,265,386,0,0
1310,5000,6,693,267,390,0,0
1311,5000,5,687,265,394,0,0
1312,5000,5,681,267,395,0,0
1313,5000,5,674,273,395,0,0
1314,5000,5,675,274,399,0,0
1315,5000,5,675,268,403,0,0
1316,5000,5,667,269,404,0,0
1317,5000,5,664,272,406,0,0
1318,5000,5,671,267,409,0,0
1319,5000,5,682,265,414,0,0
1320,5000,6,675,268,409,0,0
1321,5000,6,685,270,416,0,0
1322,5000,6,684,271,418,0,0
1323,5000,6,678,273,416,0,0
1324,5000,5,681,279,417,0,0
1325,5000,5,675,285,410,0,0
1326,5000,5,682,283,414,0,0
1327,5000,5,662,282,423,0,0
1328,5000,5,660,282,432,0,0
1329,5000,5,670,280,426,0,0
1330,5000,5,670,280,421,0,0
1331,5000,5,671,283,419,0,0
1332,5000,5,677,285,421,0,0
1333,5000,5,677,285,421,0,0
1334,5000,5,672,288,418,0,0
1335,5000,5,686,291,413,0,0
1336,5000,5,680,296,407,0,0
1337,5000,5,695,292,403,0,0
1338,5000,5,707,293,408,0,0
1339,5000,5,708,295,406,0,0
1340,5000,5,718,290,411,0,0
1341,5000,6,718,288,409,0,0
1342,5000,5,723,290,408,0,0
1343,5000,5,720,290,404,0,0
1344,5000,5,726,291,407,0,0
1345,5000,5,731,288,409,0,0
1346,5000,5,736,285,407,0,0
1347,5000,5,716,285,410,0,0
1348,5000,5,712,287,409,0,0
1349,5000,5,711,288,414,0,0
1350,5000,5,720,291,420,0,0
1351,5000,6,715,288,424,0,0
1352,5000,6,703,286,430,0,0
1353,5000,6,713,288,426,0,0
1354,5000,6,706,288,427,0,0
1355,5000,6,706,291,426,0,0
1356,5000,6,708,293,419,0,0
1357,5000,6,719,292,428,0,0
1358,5000,6,707,293,432,0,0
1359,5000,6,706,295,428,0,0
1360,5000,6,707,293,431,0,0
1361,5000,6,702,294,427,0,0
1362,5000,6,695,298,424,0,0
1363,5000,6,695,297,429,0,0
1364,5000,6,696,293,427,0,0
1365,5000,6,700,294,425,0,0
1366,5000,6,699,294,423,0,0
1367,5000,6,678,289,417,0,0
1368,5000,6,669,290,420,0,0
1369,5000,6,683,289,423,0,0
1370,5000,6,683,289,422,0,0
1371,5000,6,688,294,419,0,0
1372,5000,6,704,299,418,0,0
1373,5000,6,705,299,417,0,0
1374,5000,6,694,294,421,0,0
1375,5000,6,701,295,423,0,0
1376,5000,6,699,293,421,0,0
1377,5000,6,699,287,418,0,0
1378,5000,6,704,287,417,0,0
1379,5000,6,694,289,420,0,0
1380,5000,6,702,293,418,0,0
1381,5000,6,697,298,422,0,0
1382,5000,6,692,302,419,0,0
1383,5000,6,694,302,426,0,0
1384,5000,6,702,304,421,0,0
1385,5000,5,699,308,427,0,0
1386,5000,6,703,308,429,0,0
1387,5000,6,699,301,432,0,0
1388,5000,6,691,303,439,0,0
1389,5000,6,682,300,437,0,0
1390,5000,6,686,300,436,0,0
1391,5000,6,676,302,440,0,0
1392,5000,6,686,303,442,0,0
1393,5000,6,681,307,448,0,0
1394,5000,5,682,301,456,0,0
1395,5000,5,684,302,443,0,0
1396,5000,5,691,300,449,0,0
1397,5000,5,687,297,452,0,0
1398,5000,5,683,295,451,0,0
1399,5000,5,691,292,452,0,0
1400,5000,5,696,292,449,0,0
1401,5000,5,684,298,446,0,0
1402,5000,6,678,297,450,0,0
1403,5000,6,674,295,452,0,0
1404,5000,6,665,294,446,0,0
1405,5000,6,676,296,448,0,0
1406,5000,6,688,296,454,0,0
1407,5000,6,685,296,448,0,0
1408,5000,6,694,293,452,0,0
1409,5000,6,701,295,453,0,0
1410,5000,6,690,293,454,0,0
1411,5000,6,690,293,455,0,0
1412,5000,6,695,290,458,0,0
1413,5000,6,681,293,453,0,0
1414,5000,6,671,295,442,0,0
1415,5000,5,677,294,441,0,0
1416,5000,5,693,294,436,0,0
1417,5000,5,693,291,437,0,0
1418,5000,5,707,291,441,0,0
1419,5000,5,702,290,439,0,0
1420,5000,6,698,287,437,0,0
1421,5000,6,691,286,438,0,0
1422,5000,6,671,285,438,0,0
1423,5000,6,660,284,442,0,0
1424,5000,6,665,288,445,0,0
1425,5000,6,674,290,442,0,0
1426,5000,6,660,291,439,0,0
1427,5000,6,676,291,431,0,0
1428,5000,6,679,290,427,0,0
1429,5000,6,671,289,428,0,0
1430,5000,5,672,290,420,0,0
1431,5000,5,667,295,424,0,0
1432,5000,5,657,292,426,0,0
1433,5000,5,663,284,428,0,0
1434,5000,5,667,286,427,0,0
1435,5000,6,656,287,425,0,0
1436,5000,6,665,286,424,0,0
1437,5000,6,658,286,423,0,0
1438,5000,6,655,285,422,0,0
1439,5000,6,644,286,423,0,0
1440,5000,6,661,285,419,0,0
1441,5000,6,661,285,419,0,0
1442,5000,6,668,281,421,0,0
1443,5000,6,668,280,419,0,0
1444,5000,6,665,279,422,0,0
1445,5000,6,690,279,420,0,0
1446,5000,6,697,280,418,0,0
1447,5000,6,701,280,423,0,0
1448,5000,6,701,279,425,0,0
1449,5000,6,702,277,425,0,0
1450,5000,6,694,276,420,0,0
1451,5000,6,692,277,422,0,0
1452,5000,6,708,274,424,0,0
1453,5000,6,709,276,425,0,0
1454,5000,6,705,280,422,0,0
1455,5000,6,701,277,421,0,0
1456,5000,7,711,274,420,0,0
1457,5000,7,708,275,425,0,0
1458,5000,7,709,276,427,0,0
1459,5000,7,717,277,429,0,0
1460,5000,7,718,281,426,0,0
1461,5000,7,712,281,430,0,0
1462,5000,7,711,282,435,0,0
1463,5000,7,705,279,432,0,0
1464,5000,7,705,283,430,0,0
1465,5000,8,713,283,430,0,0
1466,5000,8,715,284,439,0,0
1467,5000,8,704,285,442,0,0
1468,5000,8,700,284,439,0,0
1469,5000,8,704,282,441,0,0
1470,5000,8,696,284,439,0,0
1471,5000,8,700,280,430,0,0
1472,5000,8,696,281,423,0,0
1473,5000,8,693,281,423,0,0
1474,5000,8,696,279,428,0,0
1475,5000,8,690,278,424,0,0
1476,5000,8,696,280,417,0,0
1477,5000,8,703,282,422,0,0
1478,5000,8,713,284,418,0,0
1479,5000,8,716,283,414,0,0
1480,5000,8,722,280,420,0,0
1481,5000,8,713,276,415,0,0
1482,5000,8,715,277,419,0,0
1483,5000,8,699,274,421,0,0
1484,5000,9,703,272,424,0,0
1485,5000,9,697,273,423,0,0
1486,5000,10,696,275,429,0,0
1487,5000,10,697,273,426,0,0
1488,5000,10,702,271,420,0,0
1489,5000,10,694,272,418,0,0
1490,5000,10,686,272,421,0,0
1491,5000,10,698,272,426,0,0
1492,5000,10,700,272,419,0,0
1493,5000,10,702,271,407,0,0
1494,5000,10,697,270,404,0,0
1495,5000,10,691,268,410,0,0
1496,5000,10,686,267,408,0,0
1497,5000,10,686,269,405,0,0
1498,5000,10,718,271,403,0,0
1499,5000,10,723,273,407,0,0
1500,5000,10,722,275,409,0,0
1501,5000,10,724,277,410,0,0
1502,5000,10,722,275,411,0,0
1503,5000,10,726,273,412,0,0
1504,5000,10,722,273,415,0,0
1505,5000,10,715,272,414,0,0
1506,5000,10,705,275,411,0,0
1507,5000,10,707,276,409,0,0
1508,5000,11,701,276,407,0,0
1509,5000,11,701,277,413,0,0
1510,5000,11,704,279,415,0,0
1511,5000,11,694,279,416,0,0
1512,5000,11,693,284,413,0,0
1513,5000,11,701,282,417,0,0
1514,5000,11,690,281,415,0,0
1515,5000,11,697,282,421,0,0
1516,5000,11,692,282,429,0,0
1517,5000,11,686,284,430,0,0
1518,5000,10,685,283,434,0,0
1519,5000,10,674,285,436,0,0
1520,5000,10,682,283,431,0,0
1521,5000,10,692,284,429,0,0
1522,5000,10,694,286,426,0,0
1523,5000,10,699,284,424,0,0
1524,5000,10,689,280,427,0,0
1525,5000,10,685,279,426,0,0
1526,5000,10,674,278,422,0,0
1527,5000,10,655,280,419,0,0
1528,5000,10,664,281,415,0,0
1529,5000,10,661,280,416,0,0
1530,5000,11,668,281,419,0,0
1531,5000,10,667,291,418,0,0
1532,5000,10,662,293,412,0,0
1533,5000,10,680,295,412,0,0
1534,5000,10,674,298,410,0,0
1535,5000,10,681,301,408,0,0
1536,5000,10,681,299,410,0,0
1537,5000,10,677,301,414,0,0
1538,5000,10,675,299,413,0,0
1539,5000,10,685,296,415,0,0
1540,5000,10,677,295,414,0,0
1541,5000,10,675,294,419,0,0
1542,5000,10,678,298,424,0,0
1543,5000,10,686,301,419,0,0
1544,5000,9,687,300,406,0,0
1545,5000,9,687,302,408,0,0
1546,5000,9,688,301,406,0,0
1547,5000,10,705,302,406,0,0
1548,5000,10,726,299,404,0,0
1549,5000,10,724,299,407,0,0
1550,5000,10,711,297,408,0,0
1551,5000,10,706,300,410,0,0
1552,5000,10,702,300,404,0,0
1553,5000,10,698,299,404,0,0
1554,5000,10,692,301,408,0,0
1555,5000,10,688,301,406,0,0
1556,5000,10,683,299,401,0,0
1557,5000,9,674,298,399,0,0
1558,5000,9,679,297,402,0,0
1559,5000,9,680,295,406,0,0
1560,5000,9,682,294,412,0,0
1561,5000,9,680,296,420,0,0
1562,5000,9,685,300,416,0,0
1563,5000,9,682,298,422,0,0
1564,5000,9,689,296,425,0,0
1565,5000,9,695,295,422,0,0
1566,5000,9,702,296,420,0,0
1567,5000,9,688,294,419,0,0
1568,5000,9,695,296,423,0,0
1569,5000,9,697,299,426,0,0
1570,5000,9,691,300,426,0,0
1571,5000,9,678,302,423,0,0
1572,5000,9,691,301,423,0,0
1573,5000,9,697,296,421,0,0
1574,5000,9,696,297,417,0,0
1575,5000,9,699,294,419,0,0
1576,5000,9,688,288,423,0,0
1577,5000,9,687,290,418,0,0
1578,5000,9,695,291,419,0,0
1579,5000,9,694,293,417,0,0
1580,5000,9,703,291,414,0,0
1581,5000,10,699,293,420,0,0
1582,5000,10,700,292,424,0,0
1583,5000,10,697,293,424,0,0
1584,5000,10,695,288,423,0,0
1585,5000,10,703,291,415,0,0
1586,5000,10,712,291,413,0,0
1587,5000,10,713,290,417,0,0
1588,5000,10,704,292,410,0,0
1589,5000,10,711,290,413,0,0
1590,5000,10,716,294,411,0,0
1591,5000,10,712,296,414,0,0
1592,5000,10,726,296,417,0,0
1593,5000,10,724,296,418,0,0
1594,5000,10,728,295,414,0,0
1595,5000,10,724,295,411,0,0
1596,5000,10,725,294,410,0,0
1597,5000,10,725,294,408,0,0
1598,5000,10,722,293,412,0,0
1599,5000,10,715,295,406,0,0
1600,5000,10,716,294,409,0,0
1601,5000,10,705,296,410,0,0
1602,5000,9,697,292,414,0,0
1603,5000,8,697,295,412,0,0
1604,5000,8,680,294,410,0,0
1605,5000,8,682,292,409,0,0
1606,5000,8,676,291,411,0,0
1607,5000,8,675,291,410,0,0
1608,5000,8,674,290,409,0,0
1609,5000,8,678,289,419,0,0
1610,5000,8,677,292,409,0,0
1611,5000,8,673,291,406,0,0
1612,5000,8,681,290,405,0,0
1613,5000,8,674,291,403,0,0
1614,5000,9,678,295,407,0,0
1615,5000,9,675,293,409,0,0
1616,5000,9,674,292,411,0,0
1617,5000,9,667,293,412,0,0
1618,5000,9,669,289,417,0,0
1619,5000,9,670,290,420,0,0
1620,5000,9,663,290,421,0,0
1621,5000,9,657,291,426,0,0
1622,5000,9,652,292,431,0,0
1623,5000,9,636,295,433,0,0
1624,5000,9,632,297,433,0,0
1625,5000,9,648,296,429,0,0
1626,5000,9,649,291,435,0,0
1627,5000,9,658,289,434,0,0
1628,5000,9,654,288,434,0,0
1629,5000,8,653,288,435,0,0
1630,5000,8,660,286,433,0,0
1631,5000,8,676,285,432,0,0
1632,5000,8,680,288,430,0,0
1633,5000,8,690,287,432,0,0
1634,5000,8,697,289,436,0,0
1635,5000,8,699,289,439,0,0
1636,5000,8,705,292,437,0,0
1637,5000,8,699,290,437,0,0
1638,5000,8,693,289,437,0,0
1639,5000,8,701,287,444,0,0
1640,5000,8,705,287,446,0,0
1641,5000,8,692,282,451,0,0
1642,5000,8,704,280,451,0,0
1643,5000,8,707,276,448,0,0
1644,5000,8,710,275,447,0,0
1645,5000,8,707,274,436,0,0
1646,5000,8,723,275,430,0,0
1647,5000,9,728,279,428,0,0
1648,5000,10,715,276,428,0,0
1649,5000,11,721,275,427,0,0
1650,5000,11,723,275,429,0,0
1651,5000,11,721,271,436,0,0
1652,5000,11,719,269,436,0,0
1653,5000,11,717,266,441,0,0
1654,5000,11,725,269,447,0,0
1655,5000,11,729,261,443,0,0
1656,5000,10,735,259,440,0,0
1657,5000,10,734,256,437,0,0
1658,5000,10,718,257,438,0,0
1659,5000,10,726,258,433,0,0
1660,5000,10,720,260,430,0,0
1661,5000,10,722,256,433,0,0
1662,5000,10,720,260,429,0,0
1663,5000,10,727,257,430,0,0
1664,5000,10,725,253,432,0,0
1665,5000,9,730,251,434,0,0
1666,5000,9,731,250,427,0,0
1667,5000,9,733,253,431,0,0
1668,5000,9,732,259,434,0,0
1669,5000,9,734,262,436,0,0
1670,5000,9,730,267,439,0,0
1671,5000,9,716,267,440,0,0
1672,5000,9,707,270,438,0,0
1673,5000,9,706,271,439,0,0
1674,5000,9,706,272,445,0,0
1675,5000,9,709,277,444,0,0
1676,5000,9,696,274,439,0,0
1677,5000,9,683,272,438,0,0
1678,5000,9,696,273,436,0,0
1679,5000,9,705,275,436,0,0
1680,5000,9,707,277,439,0,0
1681,5000,9,720,277,439,0,0
1682,5000,9,709,277,437,0,0
1683,5000,9,693,279,437,0,0
1684,5000,9,699,280,431,0,0
1685,5000,9,695,277,425,0,0
1686,5000,9,687,275,423,0,0
1687,5000,9,684,275,419,0,0
1688,5000,9,676,276,410,0,0
1689,5000,10,676,276,409,0,0
1690,5000,10,680,272,405,0,0
1691,5000,10,690,273,405,0,0
1692,5000,10,699,273,401,0,0
1693,5000,10,696,274,408,0,0
1694,5000,10,705,276,416,0,0
1695,5000,10,714,274,411,0,0
1696,5000,10,710,271,409,0,0
1697,5000,11,712,270,405,0,0
1698,5000,11,717,267,405,0,0
1699,5000,11,703,263,402,0,0
1700,5000,11,709,263,403,0,0
1701,5000,11,698,266,400,0,0
1702,5000,11,685,269,406,0,0
1703,5000,11,687,266,406,0,0
1704,5000,11,691,267,409,0,0
1705,5000,11,688,264,405,0,0
1706,5000,11,700,266,403,0,0
1707,5000,11,703,263,407,0,0
1708,5000,11,694,263,410,0,0
1709,5000,10,687,262,405,0,0
1710,5000,10,678,264,406,0,0
1711,5000,10,678,263,406,0,0
1712,5000,10,678,262,405,0,0
1713,5000,10,680,264,405,0,0
1714,5000,10,675,266,402,0,0
1715,5000,10,679,263,403,0,0
1716,5000,10,685,264,400,0,0
1717,5000,10,677,264,397,0,0
1718,5000,10,667,269,400,0,0
1719,5000,10,673,269,397,0,0
1720,5000,10,680,270,399,0,0
1721,5000,10,667,265,398,0,0
1722,5000,10,665,266,397,0,0
1723,5000,10,665,268,392,0,0
1724,5000,10,659,270,394,0,0
1725,5000,10,671,267,397,0,0
1726,5000,10,684,267,400,0,0
1727,5000,10,683,267,403,0,0
1728,5000,10,683,266,398,0,0
1729,5000,10,691,275,399,0,0
1730,5000,10,696,276,403,0,0
1731,5000,10,704,276,404,0,0
1732,5000,11,704,279,411,0,0
1733,5000,11,710,277,412,0,0
1734,5000,11,715,274,413,0,0
1735,5000,11,713,275,407,0,0
1736,5000,11,721,275,406,0,0
1737,5000,11,716,273,408,0,0
1738,5000,10,710,272,407,0,0
1739,5000,10,700,276,411,0,0
1740,5000,11,698,277,405,0,0
1741,5000,11,695,279,402,0,0
1742,5000,11,704,277,404,0,0
1743,5000,11,705,271,407,0,0
1744,5000,11,704,274,404,0,0
1745,5000,11,713,272,403,0,0
1746,5000,11,706,277,404,0,0
1747,5000,12,713,280,405,0,0
1748,5000,12,707,281,413,0,0
1749,5000,12,700,280,407,0,0
1750,5000,12,686,283,401,0,0
1751,5000,12,687,281,404,0,0
1752,5000,12,691,282,400,0,0
1753,5000,12,674,284,404,0,0
1754,5000,12,671,288,402,0,0
1755,5000,12,667,286,400,0,0
1756,5000,12,668,284,397,0,0
1757,5000,12,663,280,397,0,0
1758,5000,12,663,282,393,0,0
1759,5000,12,675,283,398,0,0
1760,5000,12,684,275,391,0,0
1761,5000,12,670,274,387,0,0
1762,5000,12,655,277,378,0,0
1763,5000,12,647,272,381,0,0
1764,5000,12,659,271,380,0,0
1765,5000,12,663,269,383,0,0
1766,5000,12,678,268,387,0,0
1767,5000,12,676,270,381,0,0
1768,5000,12,678,272,380,0,0
1769,5000,12,688,265,374,0,0
1770,5000,12,697,263,380,0,0
1771,5000,12,693,264,379,0,0
1772,5000,12,692,261,378,0,0
1773,5000,12,690,265,377,0,0
1774,5000,12,694,266,376,0,0
1775,5000,12,683,262,378,0,0
1776,5000,12,693,261,382,0,0
1777,5000,12,689,260,381,0,0
1778,5000,12,695,261,379,0,0
1779,5000,12,699,261,382,0,0
1780,5000,12,702,259,379,0,0
1781,5000,12,694,261,376,0,0
1782,5000,12,703,266,379,0,0
1783,5000,12,695,268,388,0,0
1784,5000,12,702,264,390,0,0
1785,5000,12,707,264,392,0,0
1786,5000,12,699,268,392,0,0
1787,5000,13,704,270,391,0,0
1788,5000,13,698,265,389,0,0
1789,5000,13,695,264,383,0,0
1790,5000,13,699,260,384,0,0
1791,5000,13,703,262,390,0,0
1792,5000,13,705,263,387,0,0
1793,5000,13,705,264,389,0,0
1794,5000,13,715,260,380,0,0
1795,5000,13,715,258,377,0,0
1796,5000,13,709,257,370,0,0
1797,5000,13,693,255,368,0,0
1798,5000,13,695,256,369,0,0
1799,5000,13,695,254,370,0,0
1800,5000,12,703,258,370,0,0
1801,5000,12,713,258,365,0,0
1802,5000,11,706,256,367,0,0
1803,5000,11,695,256,367,0,0
1804,5000,11,698,261,371,0,0
1805,5000,11,700,263,370,0,0
1806,5000,11,695,260,372,0,0
1807,5000,10,680,260,375,0,0
1808,5000,10,681,258,384,0,0
1809,5000,9,684,253,386,0,0
1810,5000,9,692,250,392,0,0
1811,5000,9,691,250,395,0,0
1812,5000,9,697,256,394,0,0
1813,5000,9,705,260,397,0,0
1814,5000,8,708,260,395,0,0
1815,5000,6,709,257,399,0,0
1816,5000,6,714,258,401,0,0
1817,5000,6,727,260,401,0,0
1818,5000,6,719,263,399,0,0
1819,5000,6,721,262,400,0,0
1820,5000,6,724,260,401,0,0
1821,5000,6,730,260,399,0,0
1822,5000,6,738,263,399,0,0
1823,5000,6,743,265,395,0,0
1824,5000,6,726,266,393,0,0
1825,5000,6,721,268,390,0,0
1826,5000,6,708,267,390,0,0
1827,5000,6,713,270,385,0,0
1828,5000,6,712,270,381,0,0
1829,5000,6,708,266,382,0,0
1830,5000,6,698,268,376,0,0
1831,5000,6,703,267,375,0,0
1832,5000,6,707,267,384,0,0
1833,5000,6,707,270,380,0,0
1834,5000,6,707,268,382,0,0
1835,5000,6,709,262,377,0,0
1836,5000,6,711,265,381,0,0
1837,5000,6,702,261,381,0,0
1838,5000,6,694,255,383,0,0
1839,5000,6,692,258,379,0,0
1840,5000,6,701,256,381,0,0
1841,5000,6,694,259,390,0,0
1842,5000,6,697,257,392,0,0
1843,5000,6,702,260,389,0,0
1844,5000,6,695,260,394,0,0
1845,5000,6,697,264,397,0,0
1846,5000,6,708,262,394,0,0
1847,5000,6,714,263,397,0,0
1848,5000,6,712,261,395,0,0
1849,5000,6,705,258,390,0,0
1850,5000,6,719,255,392,0,0
1851,5000,6,712,256,387,0,0
1852,5000,6,699,256,386,0,0
1853,5000,6,708,260,389,0,0
1854,5000,6,701,256,386,0,0
1855,5000,6,688,254,379,0,0
1856,5000,6,679,254,379,0,0
1857,5000,6,690,256,376,0,0
1858,5000,6,675,253,373,0,0
1859,5000,6,666,252,371,0,0
1860,5000,6,664,254,368,0,0
1861,5000,6,661,254,367,0,0
1862,5000,6,676,258,373,0,0
1863,5000,6,676,260,362,0,0
1864,5000,6,669,262,363,0,0
1865,5000,6,658,262,369,0,0
1866,5000,6,655,265,369,0,0
1867,5000,6,669,265,365,0,0
1868,5000,6,669,266,368,0,0
1869,5000,6,674,266,369,0,0
1870,5000,6,672,266,369,0,0
1871,5000,6,679,261,372,0,0
1872,5000,6,689,261,372,0,0
1873,5000,6,696,263,372,0,0
1874,5000,6,699,265,372,0,0
1875,5000,6,709,264,371,0,0
1876,5000,6,695,273,376,0,0
1877,5000,6,698,277,371,0,0
1878,5000,6,694,276,371,0,0
1879,5000,6,702,279,371,0,0
1880,5000,7,703,279,377,0,0
1881,5000,7,692,281,385,0,0
1882,5000,7,678,281,385,0,0
1883,5000,6,683,283,385,0,0
1884,5000,6,683,280,391,0,0
1885,5000,6,688,281,393,0,0
1886,5000,6,692,284,387,0,0
1887,5000,6,703,285,391,0,0
1888,5000,6,715,290,389,0,0
1889,5000,6,709,290,389,0,0
1890,5000,6,708,287,390,0,0
1891,5000,6,699,292,388,0,0
1892,5000,6,684,293,386,0,0
1893,5000,6,681,291,388,0,0
1894,5000,6,688,290,388,0,0
1895,5000,6,694,288,389,0,0
1896,5000,6,686,290,386,0,0
1897,5000,8,687,291,393,0,0
1898,5000,8,689,286,389,0,0
1899,5000,8,687,285,385,0,0
1900,5000,8,683,288,389,0,0
1901,5000,8,686,289,392,0,0
1902,5000,8,681,291,391,0,0
1903,5000,8,687,293,391,0,0
1904,5000,8,686,297,395,0,0
1905,5000,8,682,298,395,0,0
1906,5000,8,693,294,393,0,0
1907,5000,8,689,298,385,0,0
1908,5000,8,692,292,383,0,0
1909,5000,8,691,288,383,0,0
1910,5000,9,693,288,383,0,0
1911,5000,9,692,288,383,0,0
1912,5000,9,681,288,380,0,0
1913,5000,9,687,287,384,0,0
1914,5000,9,690,290,384,0,0
1915,5000,8,690,294,387,0,0
1916,5000,8,685,293,391,0,0
1917,5000,8,685,291,391,0,0
1918,5000,9,680,291,390,0,0
1919,5000,8,679,290,390,0,0
1920,5000,8,685,292,399,0,0
1921,5000,9,686,292,408,0,0
1922,5000,9,682,292,409,0,0
1923,5000,10,680,291,412,0,0
1924,5000,10,691,292,419,0,0
1925,5000,10,697,294,415,0,0
1926,5000,10,709,295,418,0,0
1927,5000,10,701,293,417,0,0
1928,5000,10,692,294,413,0,0
1929,5000,10,676,293,416,0,0
1930,5000,10,673,294,421,0,0
1931,5000,10,676,294,418,0,0
1932,5000,10,658,294,413,0,0
1933,5000,10,654,294,413,0,0
1934,5000,11,660,292,414,0,0
1935,5000,11,666,291,409,0,0
1936,5000,11,662,292,402,0,0
1937,5000,10,657,289,406,0,0
1938,5000,10,658,283,404,0,0
1939,5000,10,665,283,395,0,0
1940,5000,10,671,284,395,0,0
1941,5000,9,661,283,395,0,0
1942,5000,9,657,284,394,0,0
1943,5000,9,656,285,394,0,0
1944,5000,9,643,286,395,0,0
1945,5000,9,638,282,393,0,0
1946,5000,9,648,279,397,0,0
1947,5000,9,660,283,387,0,0
1948,5000,9,657,284,380,0,0
1949,5000,9,650,283,384,0,0
1950,5000,9,651,283,388,0,0
1951,5000,8,642,286,385,0,0
1952,5000,8,650,289,382,0,0
1953,5000,8,655,290,385,0,0
1954,5000,8,668,288,382,0,0
1955,5000,8,670,289,384,0,0
1956,5000,8,677,296,382,0,0
1957,5000,7,684,296,383,0,0
1958,5000,7,693,296,383,0,0
1959,5000,7,687,293,381,0,0
1960,5000,7,693,294,382,0,0
1961,5000,7,691,296,385,0,0
1962,5000,7,685,293,389,0,0
1963,5000,7,696,289,388,0,0
1964,5000,8,699,287,387,0,0
1965,5000,8,702,284,388,0,0
1966,5000,7,692,281,387,0,0
1967,5000,6,695,280,387,0,0
1968,5000,6,701,276,393,0,0
1969,5000,6,714,272,392,0,0
1970,5000,6,710,273,397,0,0
1971,5000,6,708,273,393,0,0
1972,5000,6,715,276,393,0,0
1973,5000,6,725,276,397,0,0
1974,5000,6,738,280,397,0,0
1975,5000,6,744,278,395,0,0
1976,5000,6,735,277,397,0,0
1977,5000,6,721,270,403,0,0
1978,5000,6,721,267,402,0,0
1979,5000,6,735,264,400,0,0
1980,5000,6,724,266,401,0,0
1981,5000,6,711,267,403,0,0
1982,5000,6,706,263,404,0,0
1983,5000,6,691,261,405,0,0
1984,5000,6,696,262,406,0,0
1985,5000,6,696,261,411,0,0
1986,5000,7,685,263,413,0,0
1987,5000,7,680,264,411,0,0
1988,5000,7,684,265,409,0,0
1989,5000,7,683,260,415,0,0
1990,5000,7,694,261,412,0,0
1991,5000,7,705,256,412,0,0
1992,5000,7,715,255,413,0,0
1993,5000,7,712,249,417,0,0
1994,5000,7,709,244,422,0,0
1995,5000,7,708,248,428,0,0
1996,5000,7,705,252,428,0,0
1997,5000,7,703,254,422,0,0
1998,5000,7,703,253,423,0,0
1999,5000,7,713,256,422,0,0
2000,5000,7,715,258,420,0,0
2001,5000,7,703,259,419,0,0
2002,5000,7,705,263,424,0,0
2003,5000,7,702,267,428,0,0
2004,5000,7,704,263,428,0,0
2005,5000,7,698,267,425,0,0
2006,5000,7,691,267,426,0,0
2007,5000,7,687,270,423,0,0
2008,5000,8,684,273,422,0,0
2009,5000,7,678,277,421,0,0
2010,5000,7,667,276,424,0,0
2011,5000,7,666,275,432,0,0
2012,5000,7,665,279,429,0,0
2013,5000,7,660,280,428,0,0
2014,5000,7,660,280,423,0,0
2015,5000,7,669,282,418,0,0
2016,5000,7,674,283,416,0,0
2017,5000,7,664,284,417,0,0
2018,5000,7,669,285,417,0,0
2019,5000,7,666,284,418,0,0
2020,5000,7,674,281,425,0,0
2021,5000,7,684,283,420,0,0
2022,5000,7,692,279,428,0,0
2023,5000,7,689,278,423,0,0
2024,5000,6,684,280,420,0,0
2025,5000,6,687,280,425,0,0
2026,5000,5,685,281,418,0,0
2027,5000,5,670,282,415,0,0
2028,5000,5,658,279,414,0,0
2029,5000,5,652,279,413,0,0
2030,5000,5,646,281,414,0,0
2031,5000,5,650,280,412,0,0
2032,5000,5,656,276,415,0,0
2033,5000,5,658,276,415,0,0
2034,5000,5,667,277,423,0,0
2035,5000,5,677,275,425,0,0
2036,5000,5,684,270,426,0,0
2037,5000,5,678,269,420,0,0
2038,5000,5,680,273,423,0,0
2039,5000,5,697,271,421,0,0
2040,5000,5,702,273,419,0,0
2041,5000,5,699,275,415,0,0
2042,5000,5,693,276,412,0,0
2043,5000,5,693,276,411,0,0
2044,5000,5,705,274,408,0,0
2045,5000,5,697,275,410,0,0
2046,5000,5,708,271,409,0,0
2047,5000,5,710,270,409,0,0
2048,5000,5,708,266,412,0,0
2049,5000,5,701,266,412,0,0
2050,5000,5,708,265,410,0,0
2051,5000,5,710,268,415,0,0
2052,5000,5,705,271,419,0,0
2053,5000,5,700,264,416,0,0
2054,5000,5,709,269,412,0,0
2055,5000,5,709,268,410,0,0
2056,5000,5,707,270,408,0,0
2057,5000,5,718,267,408,0,0
2058,5000,5,719,270,400,0,0
2059,5000,5,708,270,403,0,0
2060,5000,5,697,269,408,0,0
2061,5000,5,698,272,400,0,0
2062,5000,5,698,269,392,0,0
2063,5000,5,704,269,388,0,0
2064,5000,5,705,269,390,0,0
2065,5000,5,703,269,396,0,0
2066,5000,5,695,267,400,0,0
2067,5000,5,692,268,401,0,0
2068,5000,5,688,270,402,0,0
2069,5000,5,681,270,397,0,0
2070,5000,5,686,276,402,0,0
2071,5000,5,682,278,404,0,0
2072,5000,5,692,281,405,0,0
2073,5000,5,681,281,408,0,0
2074,5000,5,686,278,407,0,0
2075,5000,5,685,272,408,0,0
2076,5000,5,682,271,413,0,0
2077,5000,5,682,270,413,0,0
2078,5000,5,682,271,413,0,0
2079,5000,6,687,274,415,0,0
2080,5000,6,698,275,414,0,0
2081,5000,6,705,276,412,0,0
2082,5000,8,706,275,419,0,0
2083,5000,7,706,278,417,0,0
2084,5000,7,685,278,414,0,0
2085,5000,7,679,271,413,0,0
2086,5000,7,682,270,415,0,0
2087,5000,7,674,276,412,0,0
2088,5000,7,669,278,419,0,0
2089,5000,7,677,282,417,0,0
2090,5000,7,672,278,414,0,0
2091,5000,7,664,278,414,0,0
2092,5000,7,665,278,413,0,0
2093,5000,7,666,282,414,0,0
2094,5000,7,661,283,410,0,0
2095,5000,7,666,281,416,0,0
2096,5000,7,661,281,412,0,0
2097,5000,8,675,276,409,0,0
2098,5000,7,675,277,407,0,0
2099,5000,7,675,277,407,0,0
2100,5000,7,673,275,406,0,0
2101,5000,6,675,275,406,0,0
2102,5000,6,678,273,403,0,0
2103,5000,6,674,270,399,0,0
2104,5000,6,671,272,400,0,0
2105,5000,6,668,275,399,0,0
2106,5000,6,656,273,400,0,0
2107,5000,6,658,270,393,0,0
2108,5000,6,674,270,394,0,0
2109,5000,6,664,268,405,0,0
2110,5000,6,668,268,399,0,0
2111,5000,6,674,273,407,0,0
2112,5000,6,678,277,407,0,0
2113,5000,6,688,282,408,0,0
2114,5000,7,695,280,412,0,0
2115,5000,6,702,282,415,0,0
2116,5000,6,709,282,417,0,0
2117,5000,6,711,283,422,0,0
2118,5000,6,692,286,422,0,0
2119,5000,6,689,284,416,0,0
2120,5000,6,695,286,418,0,0
2121,5000,6,689,286,415,0,0
2122,5000,6,672,289,411,0,0
2123,5000,6,686,290,412,0,0
2124,5000,6,692,289,411,0,0
2125,5000,6,680,288,411,0,0
2126,5000,6,682,291,412,0,0
2127,5000,6,680,288,406,0,0
2128,5000,6,682,287,399,0,0
2129,5000,6,668,285,405,0,0
2130,5000,6,666,283,408,0,0
2131,5000,6,669,280,405,0,0
2132,5000,6,665,281,408,0,0
2133,5000,6,656,283,410,0,0
2134,5000,6,656,285,416,0,0
2135,5000,6,651,285,420,0,0
2136,5000,6,658,287,418,0,0
2137,5000,6,651,286,420,0,0
2138,5000,6,661,288,423,0,0
2139,5000,5,667,285,420,0,0
2140,5000,5,665,287,417,0,0
2141,5000,5,664,290,414,0,0
2142,5000,6,678,287,417,0,0
2143,5000,6,675,290,422,0,0
2144,5000,6,673,287,418,0,0
2145,5000,6,667,291,423,0,0
2146,5000,6,665,286,419,0,0
2147,5000,6,673,288,415,0,0
2148,5000,6,667,289,408,0,0
2149,5000,6,673,287,412,0,0
2150,5000,6,670,289,413,0,0
2151,5000,6,663,291,413,0,0
2152,5000,6,675,296,411,0,0
2153,5000,6,680,297,412,0,0
2154,5000,6,663,295,412,0,0
2155,5000,6,670,296,416,0,0
2156,5000,6,668,296,413,0,0
2157,5000,6,675,294,414,0,0
2158,5000,6,673,293,416,0,0
2159,5000,6,686,295,417,0,0
2160,5000,6,693,293,415,0,0
2161,5000,6,702,291,412,0,0
2162,5000,6,710,287,414,0,0
2163,5000,6,717,290,417,0,0
2164,5000,6,718,292,420,0,0
2165,5000,6,725,297,416,0,0
2166,5000,5,731,298,409,0,0
2167,5000,5,730,298,404,0,0
2168,5000,5,727,299,408,0,0
2169,5000,5,708,296,402,0,0
2170,5000,5,707,294,400,0,0
2171,5000,5,712,293,399,0,0
2172,5000,5,718,296,400,0,0
2173,5000,6,711,299,403,0,0
2174,5000,6,716,300,405,0,0
2175,5000,6,715,302,407,0,0
2176,5000,6,718,299,407,0,0
2177,5000,6,724,291,407,0,0
2178,5000,6,728,295,407,0,0
2179,5000,6,730,293,405,0,0
2180,5000,6,722,292,408,0,0
2181,5000,6,733,289,411,0,0
2182,5000,6,734,289,411,0,0
2183,5000,6,737,290,414,0,0
2184,5000,6,736,287,410,0,0
2185,5000,6,719,291,411,0,0
2186,5000,6,727,287,416,0,0
2187,5000,6,721,281,414,0,0
2188,5000,6,720,285,414,0,0
2189,5000,6,710,285,413,0,0
2190,5000,6,718,288,417,0,0
2191,5000,6,707,289,417,0,0
2192,5000,6,704,282,421,0,0
2193,5000,6,710,281,422,0,0
2194,5000,6,707,275,423,0,0
2195,5000,6,708,276,423,0,0
2196,5000,6,707,276,417,0,0
2197,5000,6,717,282,417,0,0
2198,5000,6,713,284,422,0,0
2199,5000,6,706,287,425,0,0
2200,5000,6,718,287,422,0,0
2201,5000,6,713,284,423,0,0
2202,5000,6,699,284,424,0,0
2203,5000,6,695,284,427,0,0
2204,5000,6,687,281,429,0,0
2205,5000,6,689,282,426,0,0
2206,5000,7,685,276,424,0,0
2207,5000,7,699,274,419,0,0
2208,5000,7,700,272,424,0,0
2209,5000,7,691,278,432,0,0
2210,5000,8,695,279,430,0,0
2211,5000,8,693,282,432,0,0
2212,5000,8,683,276,434,0,0
2213,5000,8,687,275,434,0,0
2214,5000,8,682,275,431,0,0
2215,5000,8,669,276,440,0,0
2216,5000,7,670,277,442,0,0
2217,5000,7,663,270,437,0,0
2218,5000,7,676,269,434,0,0
2219,5000,7,681,268,430,0,0
2220,5000,7,679,270,432,0,0
2221,5000,7,675,272,424,0,0
2222,5000,7,676,275,419,0,0
2223,5000,7,676,279,428,0,0
2224,5000,7,677,275,435,0,0
2225,5000,7,678,280,431,0,0
2226,5000,7,689,281,437,0,0
2227,5000,7,683,281,430,0,0
2228,5000,7,682,279,428,0,0
2229,5000,7,679,282,427,0,0
2230,5000,7,682,286,424,0,0
2231,5000,7,680,285,423,0,0
2232,5000,7,672,286,424,0,0
2233,5000,7,676,286,423,0,0
2234,5000,7,687,283,416,0,0
2235,5000,7,684,282,417,0,0
2236,5000,7,689,282,424,0,0
2237,5000,7,699,280,430,0,0
2238,5000,7,703,280,427,0,0
2239,5000,7,696,276,425,0,0
2240,5000,7,691,276,421,0,0
2241,5000,7,699,279,416,0,0
2242,5000,7,692,279,415,0,0
2243,5000,7,695,280,417,0,0
2244,5000,7,698,281,417,0,0
2245,5000,7,695,281,414,0,0
2246,5000,7,689,286,410,0,0
2247,5000,7,704,287,409,0,0
2248,5000,7,706,284,414,0,0
2249,5000,7,701,289,419,0,0
2250,5000,7,705,292,419,0,0
2251,5000,7,702,288,423,0,0
2252,5000,7,714,287,425,0,0
2253,5000,8,718,292,428,0,0
2254,5000,8,723,290,423,0,0
2255,5000,8,710,287,418,0,0
2256,5000,8,692,287,412,0,0
2257,5000,6,698,285,411,0,0
2258,5000,6,691,282,419,0,0
2259,5000,6,684,281,417,0,0
2260,5000,6,689,280,417,0,0
2261,5000,6,682,280,420,0,0
2262,5000,6,689,289,422,0,0
2263,5000,6,691,287,427,0,0
2264,5000,6,686,289,433,0,0
2265,5000,6,671,291,434,0,0
2266,5000,6,661,292,441,0,0
2267,5000,6,646,290,445,0,0
2268,5000,6,657,289,443,0,0
2269,5000,6,659,287,440,0,0
2270,5000,6,662,285,439,0,0
2271,5000,6,660,285,439,0,0
2272,5000,6,662,289,443,0,0
2273,5000,6,662,284,441,0,0
2274,5000,6,659,283,439,0,0
2275,5000,6,654,283,435,0,0
2276,5000,6,664,283,425,0,0
2277,5000,6,680,280,423,0,0
2278,5000,5,683,281,427,0,0
2279,5000,5,694,279,430,0,0
2280,5000,4,693,281,432,0,0
2281,5000,4,702,279,430,0,0
2282,5000,4,695,283,425,0,0
2283,5000,4,695,284,431,0,0
2284,5000,4,685,284,433,0,0
2285,5000,4,694,281,431,0,0
2286,5000,4,701,276,428,0,0
2287,5000,4,705,273,427,0,0
2288,5000,4,710,275,432,0,0
2289,5000,4,706,271,431,0,0
2290,5000,4,705,271,428,0,0
2291,5000,4,699,274,426,0,0
2292,5000,4,705,269,423,0,0
2293,5000,4,698,273,426,0,0
2294,5000,4,679,278,427,0,0
2295,5000,4,676,281,425,0,0
2296,5000,4,679,277,418,0,0
2297,5000,4,686,281,424,0,0
2298,5000,4,688,285,420,0,0
2299,5000,4,688,284,419,0,0
2300,5000,4,701,284,418,0,0
2301,5000,4,709,284,419,0,0
2302,5000,4,705,284,415,0,0
2303,5000,4,697,286,416,0,0
2304,5000,5,714,285,418,0,0
2305,5000,5,723,282,412,0,0
2306,5000,5,723,282,409,0,0
2307,5000,5,721,282,407,0,0
2308,5000,5,721,283,407,0,0
2309,5000,5,714,283,409,0,0
2310,5000,5,717,281,413,0,0
2311,5000,5,705,285,411,0,0
2312,5000,5,707,284,409,0,0
2313,5000,5,701,278,407,0,0
2314,5000,5,705,275,413,0,0
2315,5000,5,686,276,410,0,0
2316,5000,5,698,281,408,0,0
2317,5000,5,684,280,402,0,0
2318,5000,5,671,279,405,0,0
2319,5000,5,677,281,409,0,0
2320,5000,5,698,279,409,0,0
2321,5000,5,690,275,410,0,0
2322,5000,5,688,276,408,0,0
2323,5000,5,698,277,411,0,0
2324,5000,5,693,270,405,0,0
2325,5000,5,696,269,408,0,0
2326,5000,5,693,268,407,0,0
2327,5000,5,691,265,409,0,0
2328,5000,5,693,264,409,0,0
2329,5000,5,693,266,404,0,0
2330,5000,5,698,266,405,0,0
2331,5000,5,704,262,406,0,0
2332,5000,4,691,263,408,0,0
2333,5000,4,686,263,422,0,0
2334,5000,4,691,261,420,0,0
2335,5000,4,695,258,425,0,0
2336,5000,4,680,254,420,0,0
2337,5000,4,680,261,419,0,0
2338,5000,4,683,263,413,0,0
2339,5000,4,684,263,412,0,0
2340,5000,4,684,259,414,0,0
2341,5000,4,684,258,414,0,0
2342,5000,4,695,254,405,0,0
2343,5000,4,694,261,410,0,0
2344,5000,6,701,265,406,0,0
2345,5000,6,711,269,402,0,0
2346,5000,6,714,270,403,0,0
2347,5000,6,716,269,400,0,0
2348,5000,7,711,275,400,0,0
2349,5000,7,711,270,396,0,0
2350,5000,7,712,263,396,0,0
2351,5000,7,709,259,396,0,0
2352,5000,7,721,262,400,0,0
2353,5000,7,730,264,403,0,0
2354,5000,7,729,260,404,0,0
2355,5000,7,720,263,397,0,0
2356,5000,7,720,263,396,0,0
2357,5000,9,715,267,400,0,0
2358,5000,9,708,266,401,0,0
2359,5000,9,716,265,398,0,0
2360,5000,9,715,270,397,0,0
2361,5000,9,710,273,397,0,0
2362,5000,9,713,270,394,0,0
2363,5000,9,720,272,396,0,0
2364,5000,9,728,273,396,0,0
2365,5000,9,726,267,392,0,0
2366,5000,9,735,267,392,0,0
2367,5000,9,731,270,395,0,0
2368,5000,9,736,270,393,0,0
2369,5000,9,726,268,400,0,0
2370,5000,9,738,267,406,0,0
2371,5000,9,734,267,407,0,0
2372,5000,9,733,269,406,0,0
2373,5000,7,737,273,406,0,0
2374,5000,6,744,269,397,0,0
2375,5000,6,742,267,401,0,0
2376,5000,6,751,268,403,0,0
2377,5000,6,752,267,402,0,0
2378,5000,6,741,265,405,0,0
2379,5000,6,741,262,405,0,0
2380,5000,6,731,263,407,0,0
2381,5000,6,736,265,414,0,0
2382,5000,6,734,263,410,0,0
2383,5000,6,730,264,408,0,0
2384,5000,6,731,269,402,0,0
2385,5000,6,725,272,404,0,0
2386,5000,6,721,269,399,0,0
2387,5000,6,714,270,394,0,0
2388,5000,6,714,270,390,0,0
2389,5000,6,721,271,397,0,0
2390,5000,6,723,274,400,0,0
2391,5000,6,721,275,401,0,0
2392,5000,6,732,271,399,0,0
2393,5000,6,725,271,403,0,0
2394,5000,6,724,269,412,0,0
2395,5000,6,729,265,412,0,0
2396,5000,6,728,264,410,0,0
2397,5000,6,739,260,411,0,0
2398,5000,6,724,258,408,0,0
2399,5000,6,720,257,414,0,0
2400,5000,6,719,254,419,0,0
2401,5000,6,718,256,417,0,0
2402,5000,6,711,258,418,0,0
2403,5000,6,700,258,415,0,0
2404,5000,6,699,260,413,0,0
2405,5000,6,690,262,406,0,0
2406,5000,6,700,262,411,0,0
2407,5000,7,692,261,411,0,0
2408,5000,7,699,260,414,0,0
2409,5000,7,696,259,419,0,0
2410,5000,7,691,257,415,0,0
2411,5000,7,672,261,412,0,0
2412,5000,7,663,261,414,0,0
2413,5000,7,663,261,418,0,0
2414,5000,7,663,262,418,0,0
2415,5000,7,660,263,416,0,0
2416,5000,7,670,262,414,0,0
2417,5000,7,663,258,416,0,0
2418,5000,7,669,256,419,0,0
2419,5000,7,672,259,426,0,0
2420,5000,7,661,258,421,0,0
2421,5000,7,661,260,420,0,0
2422,5000,7,666,261,423,0,0
2423,5000,7,673,259,424,0,0
2424,5000,7,685,260,424,0,0
2425,5000,7,682,255,430,0,0
2426,5000,7,692,258,426,0,0
2427,5000,7,689,257,425,0,0
2428,5000,7,688,261,423,0,0
2429,5000,8,693,260,422,0,0
2430,5000,8,690,264,425,0,0
2431,5000,8,703,266,416,0,0
2432,5000,8,708,262,418,0,0
2433,5000,8,717,259,406,0,0
2434,5000,8,720,262,405,0,0
2435,5000,8,712,256,404,0,0
2436,5000,8,699,257,406,0,0
2437,5000,8,682,262,402,0,0
2438,5000,8,685,263,397,0,0
2439,5000,8,695,263,404,0,0
2440,5000,8,692,271,404,0,0
2441,5000,8,699,272,408,0,0
2442,5000,8,703,275,407,0,0
2443,5000,8,694,279,405,0,0
2444,5000,8,703,276,404,0,0
2445,5000,8,697,275,411,0,0
2446,5000,8,693,277,411,0,0
2447,5000,8,698,280,400,0,0
2448,5000,8,708,282,395,0,0
2449,5000,7,715,276,395,0,0
2450,5000,7,730,276,399,0,0
2451,5000,7,714,276,399,0,0
2452,5000,7,716,279,400,0,0
2453,5000,7,721,273,400,0,0
2454,5000,7,735,272,400,0,0
2455,5000,7,736,272,403,0,0
2456,5000,7,729,276,403,0,0
2457,5000,7,722,276,405,0,0
2458,5000,7,710,275,414,0,0
2459,5000,7,713,269,403,0,0
2460,5000,7,724,269,408,0,0
2461,5000,7,723,267,409,0,0
2462,5000,7,720,269,413,0,0
2463,5000,6,720,269,418,0,0
2464,5000,6,710,268,420,0,0
2465,5000,6,712,265,425,0,0
2466,5000,6,712,267,426,0,0
2467,5000,6,705,268,425,0,0
2468,5000,6,698,272,422,0,0
2469,5000,6,686,268,420,0,0
2470,5000,6,689,265,412,0,0
2471,5000,6,701,267,411,0,0
2472,5000,5,704,271,410,0,0
2473,5000,5,696,272,407,0,0
2474,5000,5,696,272,409,0,0
2475,5000,5,696,271,409,0,0
2476,5000,5,695,272,415,0,0
2477,5000,5,677,272,413,0,0
2478,5000,5,676,272,418,0,0
2479,5000,5,670,271,422,0,0
2480,5000,5,666,269,425,0,0
2481,5000,6,663,273,429,0,0
2482,5000,6,671,275,431,0,0
2483,5000,6,667,276,430,0,0
2484,5000,6,663,276,431,0,0
2485,5000,6,661,272,432,0,0
2486,5000,6,649,274,438,0,0
2487,5000,6,650,275,428,0,0
2488,5000,6,641,279,426,0,0
2489,5000,5,637,280,428,0,0
2490,5000,5,633,280,428,0,0
2491,5000,5,645,284,423,0,0
2492,5000,5,653,284,423,0,0
2493,5000,5,641,283,422,0,0
2494,5000,5,643,285,417,0,0
2495,5000,5,639,286,419,0,0
2496,5000,5,649,285,420,0,0
2497,5000,5,654,283,419,0,0
2498,5000,5,648,282,413,0,0
2499,5000,5,650,280,416,0,0
2500,5000,5,650,282,416,0,0
2501,5000,5,648,281,414,0,0
2502,5000,5,649,282,420,0,0
2503,5000,5,634,284,418,0,0
2504,5000,5,623,279,421,0,0
2505,5000,5,636,278,420,0,0
2506,5000,5,638,273,426,0,0
2507,5000,5,633,272,434,0,0
2508,5000,5,615,270,435,0,0
2509,5000,5,627,269,436,0,0
2510,5000,5,628,266,436,0,0
2511,5000,5,629,266,435,0,0
2512,5000,5,630,261,436,0,0
2513,5000,5,636,260,437,0,0
2514,5000,5,625,259,438,0,0
2515,5000,5,622,260,443,0,0
2516,5000,4,623,255,442,0,0
2517,5000,4,622,258,442,0,0
2518,5000,4,631,258,437,0,0
2519,5000,4,629,259,436,0,0
2520,5000,4,636,258,432,0,0
2521,5000,4,646,260,430,0,0
2522,5000,4,648,263,434,0,0
2523,5000,4,651,260,431,0,0
2524,5000,4,649,261,429,0,0
2525,5000,4,656,259,432,0,0
2526,5000,4,653,259,430,0,0
2527,5000,4,663,261,425,0,0
2528,5000,4,668,261,431,0,0
2529,5000,4,671,262,431,0,0
2530,5000,4,695,260,432,0,0
2531,5000,4,703,264,427,0,0
2532,5000,4,695,262,423,0,0
2533,5000,4,701,264,421,0,0
2534,5000,4,698,268,419,0,0
2535,5000,3,697,267,416,0,0
2536,5000,3,691,270,419,0,0
2537,5000,3,699,268,422,0,0
2538,5000,3,710,271,417,0,0
2539,5000,3,700,274,410,0,0
2540,5000,3,702,273,407,0,0
2541,5000,4,697,272,407,0,0
2542,5000,4,682,275,414,0,0
2543,5000,4,676,279,413,0,0
2544,5000,4,679,283,413,0,0
2545,5000,4,683,289,415,0,0
2546,5000,4,686,288,417,0,0
2547,5000,5,694,285,411,0,0
2548,5000,5,688,286,410,0,0
2549,5000,6,685,282,412,0,0
2550,5000,6,685,277,417,0,0
2551,5000,6,686,279,420,0,0
2552,5000,6,693,281,421,0,0
2553,5000,6,688,285,429,0,0
2554,5000,6,676,286,427,0,0
2555,5000,6,675,285,427,0,0
2556,5000,6,682,285,424,0,0
2557,5000,6,669,283,421,0,0
2558,5000,6,680,281,419,0,0
2559,5000,6,682,281,424,0,0
2560,5000,6,680,282,431,0,0
2561,5000,6,676,283,429,0,0
2562,5000,7,675,281,428,0,0
2563,5000,6,672,281,427,0,0
2564,5000,6,665,279,426,0,0
2565,5000,6,665,280,423,0,0
2566,5000,6,671,281,421,0,0
2567,5000,6,670,284,423,0,0
2568,5000,6,691,283,425,0,0
2569,5000,6,689,285,431,0,0
2570,5000,6,685,285,446,0,0
2571,5000,6,686,287,446,0,0
2572,5000,6,685,287,449,0,0
2573,5000,7,695,282,447,0,0
2574,5000,7,690,283,449,0,0
2575,5000,7,687,286,450,0,0
2576,5000,6,688,289,451,0,0
2577,5000,6,692,293,449,0,0
2578,5000,6,677,294,446,0,0
2579,5000,5,675,299,444,0,0
2580,5000,5,679,299,441,0,0
2581,5000,5,679,300,447,0,0
2582,5000,5,680,294,445,0,0
2583,5000,5,683,294,449,0,0
2584,5000,5,680,290,446,0,0
2585,5000,5,657,292,441,0,0
2586,5000,5,660,295,445,0,0
2587,5000,5,675,296,444,0,0
2588,5000,6,676,297,448,0,0
2589,5000,6,685,293,443,0,0
2590,5000,6,680,290,444,0,0
2591,5000,6,681,287,437,0,0
2592,5000,6,688,287,438,0,0
2593,5000,6,690,288,441,0,0
2594,5000,6,674,291,446,0,0
2595,5000,6,675,290,446,0,0
2596,5000,6,674,287,448,0,0
2597,5000,5,671,284,447,0,0
2598,5000,5,680,287,447,0,0
2599,5000,5,678,284,445,0,0
2600,5000,5,697,283,444,0,0
2601,5000,5,697,279,445,0,0
2602,5000,5,690,280,444,0,0
2603,5000,5,681,278,442,0,0
2604,5000,5,689,278,444,0,0
2605,5000,5,698,278,443,0,0
2606,5000,5,703,279,443,0,0
2607,5000,5,701,284,445,0,0
2608,5000,5,714,283,443,0,0
2609,5000,5,711,282,440,0,0
2610,5000,5,703,284,437,0,0
2611,5000,5,702,284,432,0,0
2612,5000,5,691,285,439,0,0
2613,5000,5,698,289,437,0,0
2614,5000,5,694,289,433,0,0
2615,5000,5,701,285,433,0,0
2616,5000,5,705,285,426,0,0
2617,5000,5,703,284,422,0,0
2618,5000,5,704,284,422,0,0
2619,5000,5,693,284,419,0,0
2620,5000,5,697,282,424,0,0
2621,5000,5,711,284,421,0,0
2622,5000,5,703,287,418,0,0
2623,5000,5,710,290,412,0,0
2624,5000,5,710,291,412,0,0
2625,5000,5,703,291,419,0,0
2626,5000,5,691,293,414,0,0
2627,5000,5,683,291,419,0,0
2628,5000,4,687,290,417,0,0
2629,5000,4,682,287,419,0,0
2630,5000,4,681,291,419,0,0
2631,5000,4,691,293,419,0,0
2632,5000,4,690,293,427,0,0
2633,5000,4,686,287,425,0,0
2634,5000,4,677,287,418,0,0
2635,5000,4,679,287,417,0,0
2636,5000,5,683,286,413,0,0
2637,5000,5,688,288,418,0,0
2638,5000,5,689,287,416,0,0
2639,5000,5,686,288,413,0,0
2640,5000,5,694,283,414,0,0
2641,5000,5,699,282,415,0,0
2642,5000,5,698,281,418,0,0
2643,5000,5,692,279,413,0,0
2644,5000,5,691,277,411,0,0
2645,5000,5,684,273,412,0,0
2646,5000,5,679,267,408,0,0
2647,5000,5,679,265,412,0,0
2648,5000,5,682,263,416,0,0
2649,5000,5,679,265,410,0,0
2650,5000,5,684,266,414,0,0
2651,5000,5,695,266,412,0,0
2652,5000,5,684,268,417,0,0
2653,5000,5,685,272,416,0,0
2654,5000,5,696,272,419,0,0
2655,5000,5,700,271,415,0,0
2656,5000,5,711,272,411,0,0
2657,5000,5,713,276,408,0,0
2658,5000,5,717,281,411,0,0
2659,5000,5,717,285,410,0,0
2660,5000,5,719,280,406,0,0
2661,5000,5,714,284,407,0,0
2662,5000,5,702,282,406,0,0
2663,5000,5,701,278,403,0,0
2664,5000,5,705,277,410,0,0
2665,5000,5,707,279,412,0,0
2666,5000,5,706,281,412,0,0
2667,5000,5,708,286,416,0,0
2668,5000,5,701,284,424,0,0
2669,5000,5,688,285,426,0,0
2670,5000,5,685,289,419,0,0
2671,5000,5,678,292,423,0,0
2672,5000,5,690,287,419,0,0
2673,5000,5,692,287,420,0,0
2674,5000,5,696,282,428,0,0
2675,5000,4,697,280,426,0,0
2676,5000,4,695,285,422,0,0
2677,5000,4,700,282,419,0,0
2678,5000,3,700,278,421,0,0
2679,5000,3,695,278,422,0,0
2680,5000,3,687,275,423,0,0
2681,5000,3,695,283,426,0,0
2682,5000,3,685,282,426,0,0
2683,5000,3,688,283,428,0,0
2684,5000,3,678,281,422,0,0
2685,5000,3,671,283,421,0,0
2686,5000,3,674,284,426,0,0
2687,5000,3,685,285,425,0,0
2688,5000,3,672,282,432,0,0
2689,5000,3,680,281,437,0,0
2690,5000,3,679,282,436,0,0
2691,5000,4,686,284,436,0,0
2692,5000,4,676,283,435,0,0
2693,5000,4,677,287,429,0,0
2694,5000,4,668,285,423,0,0
2695,5000,4,663,286,419,0,0
2696,5000,4,655,286,419,0,0
2697,5000,4,656,288,422,0,0
2698,5000,4,655,286,418,0,0
2699,5000,4,656,287,423,0,0
2700,5000,4,665,286,424,0,0
2701,5000,4,658,287,431,0,0
2702,5000,4,669,285,429,0,0
2703,5000,4,665,287,431,0,0
2704,5000,4,662,286,427,0,0
2705,5000,3,670,290,431,0,0
2706,5000,3,673,286,429,0,0
2707,5000,3,681,282,427,0,0
2708,5000,3,697,282,426,0,0
2709,5000,3,689,281,420,0,0
2710,5000,3,682,280,419,0,0
2711,5000,3,679,281,414,0,0
2712,5000,3,676,279,416,0,0
2713,5000,3,680,277,418,0,0
2714,5000,3,678,276,419,0,0
2715,5000,3,684,278,423,0,0
2716,5000,3,678,281,419,0,0
2717,5000,3,681,283,421,0,0
2718,5000,3,683,282,424,0,0
2719,5000,3,693,286,424,0,0
2720,5000,3,690,292,423,0,0
2721,5000,3,685,292,425,0,0
2722,5000,3,689,292,421,0,0
2723,5000,3,696,293,420,0,0
2724,5000,3,698,293,418,0,0
2725,5000,3,703,293,424,0,0
2726,5000,3,719,286,421,0,0
2727,5000,3,713,286,423,0,0
2728,5000,3,710,287,421,0,0
2729,5000,3,716,286,419,0,0
2730,5000,3,708,283,407,0,0
2731,5000,3,728,286,409,0,0
2732,5000,4,727,290,406,0,0
2733,5000,4,716,288,408,0,0
2734,5000,4,718,289,414,0,0
2735,5000,4,707,289,413,0,0
2736,5000,4,703,291,419,0,0
2737,5000,4,701,291,410,0,0
2738,5000,4,707,291,412,0,0
2739,5000,4,709,293,406,0,0
2740,5000,4,704,292,409,0,0
2741,5000,5,701,289,415,0,0
2742,5000,5,701,285,416,0,0
2743,5000,5,704,282,419,0,0
2744,5000,5,697,285,415,0,0
2745,5000,5,692,284,411,0,0
2746,5000,5,699,283,410,0,0
2747,5000,5,705,286,412,0,0
2748,5000,5,700,282,422,0,0
2749,5000,4,696,281,417,0,0
2750,5000,3,693,277,419,0,0
2751,5000,3,683,272,412,0,0
2752,5000,3,683,272,408,0,0
2753,5000,3,694,272,409,0,0
2754,5000,3,690,270,412,0,0
2755,5000,3,678,274,417,0,0
2756,5000,3,677,280,412,0,0
2757,5000,3,670,277,411,0,0
2758,5000,3,659,280,419,0,0
2759,5000,3,671,280,423,0,0
2760,5000,3,660,283,426,0,0
2761,5000,3,651,282,428,0,0
2762,5000,3,653,283,420,0,0
2763,5000,3,659,282,419,0,0
2764,5000,3,660,289,417,0,0
2765,5000,3,659,290,416,0,0
2766,5000,3,664,296,416,0,0
2767,5000,3,666,292,415,0,0
2768,5000,3,663,291,415,0,0
2769,5000,3,664,289,415,0,0
2770,5000,3,661,285,418,0,0
2771,5000,3,657,286,413,0,0
2772,5000,3,644,285,416,0,0
2773,5000,3,654,287,419,0,0
2774,5000,3,648,287,422,0,0
2775,5000,3,658,290,420,0,0
2776,5000,4,667,289,421,0,0
2777,5000,4,656,288,422,0,0
2778,5000,4,664,291,423,0,0
2779,5000,3,673,293,421,0,0
2780,5000,4,678,295,425,0,0
2781,5000,4,690,299,426,0,0
2782,5000,5,694,293,431,0,0
2783,5000,5,693,287,427,0,0
2784,5000,5,692,283,425,0,0
2785,5000,6,692,287,432,0,0
2786,5000,6,699,291,434,0,0
2787,5000,6,707,294,433,0,0
2788,5000,6,700,294,430,0,0
2789,5000,6,712,292,426,0,0
2790,5000,6,717,294,427,0,0
2791,5000,6,710,295,425,0,0
2792,5000,6,711,292,428,0,0
2793,5000,6,714,296,431,0,0
2794,5000,6,714,299,432,0,0
2795,5000,6,703,296,433,0,0
2796,5000,6,712,299,437,0,0
2797,5000,6,706,299,439,0,0
2798,5000,6,710,299,440,0,0
2799,5000,6,702,300,440,0,0
2800,5000,5,711,302,438,0,0
2801,5000,5,707,306,443,0,0
2802,5000,4,689,308,445,0,0
2803,5000,4,678,305,440,0,0
2804,5000,4,679,306,441,0,0
2805,5000,4,677,309,438,0,0
2806,5000,4,674,310,428,0,0
2807,5000,4,678,310,430,0,0
2808,5000,4,695,309,431,0,0
2809,5000,4,690,309,433,0,0
2810,5000,4,685,306,433,0,0
2811,5000,3,685,306,438,0,0
2812,5000,3,681,304,442,0,0
2813,5000,3,679,305,437,0,0
2814,5000,3,670,307,433,0,0
2815,5000,3,667,307,435,0,0
2816,5000,3,668,303,437,0,0
2817,5000,3,660,299,438,0,0
2818,5000,3,662,295,442,0,0
2819,5000,3,668,295,443,0,0
2820,5000,3,667,292,437,0,0
2821,5000,3,668,294,437,0,0
2822,5000,3,668,297,439,0,0
2823,5000,3,678,297,441,0,0
2824,5000,3,663,301,440,0,0
2825,5000,3,670,295,437,0,0
2826,5000,3,664,292,437,0,0
2827,5000,3,655,285,430,0,0
2828,5000,3,660,280,428,0,0
2829,5000,3,662,280,429,0,0
2830,5000,4,666,281,430,0,0
2831,5000,4,671,282,437,0,0
2832,5000,4,675,282,436,0,0
2833,5000,4,681,279,439,0,0
2834,5000,4,674,274,438,0,0
2835,5000,4,670,276,438,0,0
2836,5000,4,667,277,445,0,0
2837,5000,4,680,272,447,0,0
2838,5000,4,670,270,441,0,0
2839,5000,4,686,269,440,0,0
2840,5000,4,674,266,435,0,0
2841,5000,4,680,265,435,0,0
2842,5000,4,691,269,436,0,0
2843,5000,4,681,272,439,0,0
2844,5000,4,684,273,444,0,0
2845,5000,4,681,275,442,0,0
2846,5000,5,690,275,432,0,0
2847,5000,5,675,271,433,0,0
2848,5000,5,670,274,438,0,0
2849,5000,5,671,280,440,0,0
2850,5000,5,678,281,441,0,0
2851,5000,5,675,280,437,0,0
2852,5000,5,665,282,435,0,0
2853,5000,5,673,280,433,0,0
2854,5000,5,689,279,433,0,0
2855,5000,5,677,274,434,0,0
2856,5000,5,673,273,440,0,0
2857,5000,5,679,276,438,0,0
2858,5000,5,681,278,442,0,0
2859,5000,5,682,279,444,0,0
2860,5000,5,685,277,450,0,0
2861,5000,5,689,274,453,0,0
2862,5000,5,683,278,444,0,0
2863,5000,5,686,276,443,0,0
2864,5000,5,686,275,451,0,0
2865,5000,5,691,273,445,0,0
2866,5000,5,701,277,450,0,0
2867,5000,5,706,275,448,0,0
2868,5000,5,711,275,448,0,0
2869,5000,6,700,276,447,0,0
2870,5000,6,699,281,446,0,0
2871,5000,6,709,283,443,0,0
2872,5000,6,716,281,448,0,0
2873,5000,6,724,280,445,0,0
2874,5000,6,715,283,445,0,0
2875,5000,7,709,286,451,0,0
2876,5000,7,716,281,449,0,0
2877,5000,7,717,278,451,0,0
2878,5000,7,716,277,455,0,0
2879,5000,7,702,280,449,0,0
2880,5000,7,704,278,442,0,0
2881,5000,7,702,276,446,0,0
2882,5000,7,686,278,444,0,0
2883,5000,7,687,282,447,0,0
2884,5000,7,701,276,445,0,0
2885,5000,7,699,277,441,0,0
2886,5000,7,710,277,441,0,0
2887,5000,7,713,279,440,0,0
2888,5000,7,710,281,441,0,0
2889,5000,7,698,278,438,0,0
2890,5000,7,688,278,434,0,0
2891,5000,7,694,273,436,0,0
2892,5000,7,689,270,435,0,0
2893,5000,7,677,268,439,0,0
2894,5000,7,685,270,440,0,0
2895,5000,7,692,269,443,0,0
2896,5000,7,688,267,442,0,0
2897,5000,7,694,264,439,0,0
2898,5000,7,691,267,440,0,0
2899,5000,7,677,270,446,0,0
2900,5000,7,686,270,443,0,0
2901,5000,7,685,273,438,0,0
2902,5000,7,701,274,440,0,0
2903,5000,7,692,277,434,0,0
2904,5000,7,689,277,437,0,0
2905,5000,7,694,274,439,0,0
2906,5000,7,701,276,433,0,0
2907,5000,7,703,277,433,0,0
2908,5000,7,699,279,428,0,0
2909,5000,7,691,278,423,0,0
2910,5000,7,686,278,420,0,0
2911,5000,7,690,280,413,0,0
2912,5000,7,698,280,413,0,0
2913,5000,7,708,279,408,0,0
2914,5000,7,709,278,408,0,0
2915,5000,7,705,278,404,0,0
2916,5000,7,707,278,400,0,0
2917,5000,7,722,277,393,0,0
2918,5000,7,736,273,397,0,0
2919,5000,8,721,273,398,0,0
2920,5000,8,717,271,403,0,0
2921,5000,8,726,269,398,0,0
2922,5000,9,713,262,400,0,0
2923,5000,9,701,262,395,0,0
2924,5000,10,704,260,397,0,0
2925,5000,10,701,257,401,0,0
2926,5000,11,697,265,404,0,0
2927,5000,11,711,264,406,0,0
2928,5000,11,707,266,401,0,0
2929,5000,11,701,270,402,0,0
2930,5000,11,718,268,405,0,0
2931,5000,11,709,269,400,0,0
2932,5000,11,718,271,400,0,0
2933,5000,11,716,268,397,0,0
2934,5000,10,708,267,395,0,0
2935,5000,10,697,265,396,0,0
2936,5000,10,698,267,388,0,0
2937,5000,11,699,273,389,0,0
2938,5000,11,699,273,391,0,0
2939,5000,10,694,272,388,0,0
2940,5000,10,703,278,391,0,0
2941,5000,10,709,280,394,0,0
2942,5000,10,714,287,392,0,0
2943,5000,10,709,290,390,0,0
2944,5000,10,728,288,392,0,0
2945,5000,10,716,292,392,0,0
2946,5000,10,700,296,394,0,0
2947,5000,10,691,292,399,0,0
2948,5000,9,693,294,394,0,0
2949,5000,9,704,297,390,0,0
2950,5000,9,700,296,393,0,0
2951,5000,9,699,295,395,0,0
2952,5000,9,706,295,399,0,0
2953,5000,9,713,297,400,0,0
2954,5000,9,702,294,397,0,0
2955,5000,8,693,293,392,0,0
2956,5000,8,697,299,385,0,0
2957,5000,8,696,298,388,0,0
2958,5000,8,690,291,389,0,0
2959,5000,8,689,286,381,0,0
2960,5000,8,683,278,385,0,0
2961,5000,8,702,275,386,0,0
2962,5000,8,687,273,388,0,0
2963,5000,8,681,277,381,0,0
2964,5000,8,704,277,390,0,0
2965,5000,8,697,279,388,0,0
2966,5000,8,694,280,391,0,0
2967,5000,7,702,287,398,0,0
2968,5000,7,692,285,400,0,0
2969,5000,7,690,282,399,0,0
2970,5000,7,694,281,398,0,0
2971,5000,7,689,280,396,0,0
2972,5000,7,683,280,395,0,0
2973,5000,7,670,279,398,0,0
2974,5000,7,671,277,410,0,0
2975,5000,7,653,276,412,0,0
2976,5000,8,660,275,407,0,0
2977,5000,9,663,274,403,0,0
2978,5000,9,667,276,407,0,0
2979,5000,9,676,277,408,0,0
2980,5000,9,673,277,402,0,0
2981,5000,9,672,273,399,0,0
2982,5000,8,672,276,407,0,0
2983,5000,8,677,276,407,0,0
2984,5000,8,679,273,404,0,0
2985,5000,8,679,271,401,0,0
2986,5000,8,682,268,404,0,0
2987,5000,8,665,268,406,0,0
2988,5000,8,658,266,403,0,0
2989,5000,8,659,266,406,0,0
2990,5000,8,657,269,400,0,0
2991,5000,8,647,268,403,0,0
2992,5000,8,652,270,406,0,0
2993,5000,8,656,269,407,0,0
2994,5000,9,662,270,405,0,0
2995,5000,9,660,273,405,0,0
2996,5000,9,659,272,402,0,0
2997,5000,9,659,274,404,0,0
2998,5000,10,668,275,402,0,0
2999,5000,10,667,279,398,0,0
3000,5000,10,671,275,397,0,0
